ticker,filter,optimizer,seed,test_acc,baseline_majority
AAPL,F0,adam,0,0.655,0.655
AAPL,F0,adam,1,0.655,0.655
AAPL,F0,adam,2,0.655,0.655
AAPL,F0,adamw,0,0.655,0.655
AAPL,F0,adamw,1,0.655,0.655
AAPL,F0,adamw,2,0.655,0.655
AAPL,F1,adam,0,0.655,0.655
AAPL,F1,adam,1,0.655,0.655
AAPL,F1,adam,2,0.655,0.655
AAPL,F1,adamw,0,0.655,0.655
AAPL,F1,adamw,1,0.655,0.655
AAPL,F1,adamw,2,0.655,0.655
AAPL,F2,adam,0,0.655,0.655
AAPL,F2,adam,1,0.655,0.655
AAPL,F2,adam,2,0.655,0.655
AAPL,F2,adamw,0,0.655,0.655
AAPL,F2,adamw,1,0.655,0.655
AAPL,F2,adamw,2,0.655,0.655
AAPL,F3,adam,0,0.67,0.655
AAPL,F3,adam,1,0.67,0.655
AAPL,F3,adam,2,0.67,0.655
AAPL,F3,adamw,0,0.67,0.655
AAPL,F3,adamw,1,0.67,0.655
AAPL,F3,adamw,2,0.67,0.655
AAPL,F4,adam,0,0.695,0.655
AAPL,F4,adam,1,0.69,0.655
AAPL,F4,adam,2,0.695,0.655
AAPL,F4,adamw,0,0.695,0.655
AAPL,F4,adamw,1,0.69,0.655
AAPL,F4,adamw,2,0.695,0.655
AAPL,F6,adam,0,0.655,0.655
AAPL,F6,adam,1,0.655,0.655
AAPL,F6,adam,2,0.655,0.655
AAPL,F6,adamw,0,0.655,0.655
AAPL,F6,adamw,1,0.655,0.655
AAPL,F6,adamw,2,0.655,0.655
AAPL,F7,adam,0,0.65,0.655
AAPL,F7,adam,1,0.65,0.655
AAPL,F7,adam,2,0.65,0.655
AAPL,F7,adamw,0,0.65,0.655
AAPL,F7,adamw,1,0.65,0.655
AAPL,F7,adamw,2,0.65,0.655
AAPL,F5,adam,0,0.57,0.655
AAPL,F5,adam,1,0.575,0.655
AAPL,F5,adam,2,0.57,0.655
AAPL,F5,adamw,0,0.57,0.655
AAPL,F5,adamw,1,0.57,0.655
AAPL,F5,adamw,2,0.57,0.655
AAPL,F9,adam,0,0.665,0.655
AAPL,F9,adam,1,0.66,0.655
AAPL,F9,adam,2,0.66,0.655
AAPL,F9,adamw,0,0.665,0.655
AAPL,F9,adamw,1,0.66,0.655
AAPL,F9,adamw,2,0.66,0.655
AAPL,F8,adam,0,0.65,0.655
AAPL,F8,adam,1,0.65,0.655
AAPL,F8,adam,2,0.65,0.655
AAPL,F8,adamw,0,0.65,0.655
AAPL,F8,adamw,1,0.65,0.655
AAPL,F8,adamw,2,0.65,0.655
AAPL,F0,adam,0,0.65,0.65
AAPL,F0,adam,1,0.65,0.65
AAPL,F0,adam,2,0.64,0.65
AAPL,F0,adamw,0,0.65,0.65
AAPL,F0,adamw,1,0.65,0.65
AAPL,F0,adamw,2,0.64,0.65
AAPL,F1,adam,0,0.65,0.65
AAPL,F1,adam,1,0.64,0.65
AAPL,F1,adam,2,0.645,0.65
AAPL,F1,adamw,0,0.65,0.65
AAPL,F1,adamw,1,0.64,0.65
AAPL,F1,adamw,2,0.645,0.65
AAPL,F2,adam,0,0.65,0.65
AAPL,F2,adam,1,0.65,0.65
AAPL,F2,adam,2,0.65,0.65
AAPL,F2,adamw,0,0.65,0.65
AAPL,F2,adamw,1,0.65,0.65
AAPL,F2,adamw,2,0.65,0.65
AAPL,F3,adam,0,0.655,0.65
AAPL,F3,adam,1,0.66,0.65
AAPL,F3,adam,2,0.65,0.65
AAPL,F3,adamw,0,0.655,0.65
AAPL,F3,adamw,1,0.66,0.65
AAPL,F3,adamw,2,0.65,0.65
AAPL,F4,adam,0,0.71,0.65
AAPL,F4,adam,1,0.71,0.65
AAPL,F4,adam,2,0.71,0.65
AAPL,F4,adamw,0,0.71,0.65
AAPL,F4,adamw,1,0.71,0.65
AAPL,F4,adamw,2,0.715,0.65
AAPL,F6,adam,0,0.575,0.65
AAPL,F6,adam,1,0.535,0.65
AAPL,F6,adam,2,0.525,0.65
AAPL,F6,adamw,0,0.575,0.65
AAPL,F6,adamw,1,0.535,0.65
AAPL,F6,adamw,2,0.53,0.65
AAPL,F7,adam,0,0.665,0.65
AAPL,F7,adam,1,0.695,0.65
AAPL,F7,adam,2,0.705,0.65
AAPL,F7,adamw,0,0.665,0.65
AAPL,F7,adamw,1,0.695,0.65
AAPL,F7,adamw,2,0.705,0.65
AAPL,F5,adam,0,0.495,0.65
AAPL,F5,adam,1,0.485,0.65
AAPL,F5,adam,2,0.48,0.65
AAPL,F5,adamw,0,0.495,0.65
AAPL,F5,adamw,1,0.485,0.65
AAPL,F5,adamw,2,0.48,0.65
AAPL,F9,adam,0,0.65,0.65
AAPL,F9,adam,1,0.615,0.65
AAPL,F9,adam,2,0.615,0.65
AAPL,F9,adamw,0,0.65,0.65
AAPL,F9,adamw,1,0.615,0.65
AAPL,F9,adamw,2,0.615,0.65
AAPL,F8,adam,0,0.665,0.65
AAPL,F8,adam,1,0.695,0.65
AAPL,F8,adam,2,0.705,0.65
AAPL,F8,adamw,0,0.665,0.65
AAPL,F8,adamw,1,0.695,0.65
AAPL,F8,adamw,2,0.705,0.65
AAPL,F0,adam,0,0.66,0.6599999999999999
AAPL,F0,adam,1,0.66,0.6599999999999999
AAPL,F0,adam,2,0.66,0.6599999999999999
AAPL,F0,adamw,0,0.66,0.6599999999999999
AAPL,F0,adamw,1,0.66,0.6599999999999999
AAPL,F0,adamw,2,0.66,0.6599999999999999
AAPL,F1,adam,0,0.66,0.6599999999999999
AAPL,F1,adam,1,0.66,0.6599999999999999
AAPL,F1,adam,2,0.66,0.6599999999999999
AAPL,F1,adamw,0,0.66,0.6599999999999999
AAPL,F1,adamw,1,0.66,0.6599999999999999
AAPL,F1,adamw,2,0.66,0.6599999999999999
AAPL,F2,adam,0,0.66,0.6599999999999999
AAPL,F2,adam,1,0.66,0.6599999999999999
AAPL,F2,adam,2,0.66,0.6599999999999999
AAPL,F2,adamw,0,0.66,0.6599999999999999
AAPL,F2,adamw,1,0.66,0.6599999999999999
AAPL,F2,adamw,2,0.66,0.6599999999999999
AAPL,F3,adam,0,0.66,0.6599999999999999
AAPL,F3,adam,1,0.66,0.6599999999999999
AAPL,F3,adam,2,0.66,0.6599999999999999
AAPL,F3,adamw,0,0.66,0.6599999999999999
AAPL,F3,adamw,1,0.66,0.6599999999999999
AAPL,F3,adamw,2,0.66,0.6599999999999999
AAPL,F4,adam,0,0.69,0.6599999999999999
AAPL,F4,adam,1,0.695,0.6599999999999999
AAPL,F4,adam,2,0.705,0.6599999999999999
AAPL,F4,adamw,0,0.69,0.6599999999999999
AAPL,F4,adamw,1,0.695,0.6599999999999999
AAPL,F4,adamw,2,0.705,0.6599999999999999
AAPL,F6,adam,0,0.66,0.6599999999999999
AAPL,F6,adam,1,0.66,0.6599999999999999
AAPL,F6,adam,2,0.66,0.6599999999999999
AAPL,F6,adamw,0,0.66,0.6599999999999999
AAPL,F6,adamw,1,0.66,0.6599999999999999
AAPL,F6,adamw,2,0.66,0.6599999999999999
AAPL,F7,adam,0,0.67,0.6599999999999999
AAPL,F7,adam,1,0.665,0.6599999999999999
AAPL,F7,adam,2,0.67,0.6599999999999999
AAPL,F7,adamw,0,0.67,0.6599999999999999
AAPL,F7,adamw,1,0.665,0.6599999999999999
AAPL,F7,adamw,2,0.67,0.6599999999999999
AAPL,F5,adam,0,0.59,0.6599999999999999
AAPL,F5,adam,1,0.59,0.6599999999999999
AAPL,F5,adam,2,0.525,0.6599999999999999
AAPL,F5,adamw,0,0.585,0.6599999999999999
AAPL,F5,adamw,1,0.59,0.6599999999999999
AAPL,F5,adamw,2,0.53,0.6599999999999999
AAPL,F9,adam,0,0.68,0.6599999999999999
AAPL,F9,adam,1,0.665,0.6599999999999999
AAPL,F9,adam,2,0.675,0.6599999999999999
AAPL,F9,adamw,0,0.68,0.6599999999999999
AAPL,F9,adamw,1,0.665,0.6599999999999999
AAPL,F9,adamw,2,0.675,0.6599999999999999
AAPL,F8,adam,0,0.67,0.6599999999999999
AAPL,F8,adam,1,0.665,0.6599999999999999
AAPL,F8,adam,2,0.67,0.6599999999999999
AAPL,F8,adamw,0,0.67,0.6599999999999999
AAPL,F8,adamw,1,0.665,0.6599999999999999
AAPL,F8,adamw,2,0.67,0.6599999999999999
AAPL,F0,adam,0,0.615,0.615
AAPL,F0,adam,1,0.615,0.615
AAPL,F0,adam,2,0.615,0.615
AAPL,F0,adamw,0,0.615,0.615
AAPL,F0,adamw,1,0.615,0.615
AAPL,F0,adamw,2,0.615,0.615
AAPL,F1,adam,0,0.615,0.615
AAPL,F1,adam,1,0.615,0.615
AAPL,F1,adam,2,0.615,0.615
AAPL,F1,adamw,0,0.615,0.615
AAPL,F1,adamw,1,0.615,0.615
AAPL,F1,adamw,2,0.615,0.615
AAPL,F2,adam,0,0.615,0.615
AAPL,F2,adam,1,0.615,0.615
AAPL,F2,adam,2,0.615,0.615
AAPL,F2,adamw,0,0.615,0.615
AAPL,F2,adamw,1,0.615,0.615
AAPL,F2,adamw,2,0.615,0.615
AAPL,F3,adam,0,0.615,0.615
AAPL,F3,adam,1,0.615,0.615
AAPL,F3,adam,2,0.615,0.615
AAPL,F3,adamw,0,0.615,0.615
AAPL,F3,adamw,1,0.615,0.615
AAPL,F3,adamw,2,0.615,0.615
AAPL,F4,adam,0,0.63,0.615
AAPL,F4,adam,1,0.64,0.615
AAPL,F4,adam,2,0.625,0.615
AAPL,F4,adamw,0,0.63,0.615
AAPL,F4,adamw,1,0.64,0.615
AAPL,F4,adamw,2,0.625,0.615
AAPL,F6,adam,0,0.615,0.615
AAPL,F6,adam,1,0.615,0.615
AAPL,F6,adam,2,0.615,0.615
AAPL,F6,adamw,0,0.615,0.615
AAPL,F6,adamw,1,0.615,0.615
AAPL,F6,adamw,2,0.615,0.615
AAPL,F7,adam,0,0.615,0.615
AAPL,F7,adam,1,0.61,0.615
AAPL,F7,adam,2,0.61,0.615
AAPL,F7,adamw,0,0.61,0.615
AAPL,F7,adamw,1,0.61,0.615
AAPL,F7,adamw,2,0.61,0.615
AAPL,F5,adam,0,0.615,0.615
AAPL,F5,adam,1,0.605,0.615
AAPL,F5,adam,2,0.605,0.615
AAPL,F5,adamw,0,0.615,0.615
AAPL,F5,adamw,1,0.605,0.615
AAPL,F5,adamw,2,0.605,0.615
AAPL,F9,adam,0,0.585,0.615
AAPL,F9,adam,1,0.59,0.615
AAPL,F9,adam,2,0.59,0.615
AAPL,F9,adamw,0,0.585,0.615
AAPL,F9,adamw,1,0.59,0.615
AAPL,F9,adamw,2,0.59,0.615
AAPL,F8,adam,0,0.615,0.615
AAPL,F8,adam,1,0.61,0.615
AAPL,F8,adam,2,0.61,0.615
AAPL,F8,adamw,0,0.61,0.615
AAPL,F8,adamw,1,0.61,0.615
AAPL,F8,adamw,2,0.61,0.615
BTC-USD,F0,adam,0,0.45,0.595
BTC-USD,F0,adam,1,0.495,0.595
BTC-USD,F0,adam,2,0.58,0.595
BTC-USD,F0,adamw,0,0.45,0.595
BTC-USD,F0,adamw,1,0.495,0.595
BTC-USD,F0,adamw,2,0.58,0.595
BTC-USD,F1,adam,0,0.475,0.595
BTC-USD,F1,adam,1,0.53,0.595
BTC-USD,F1,adam,2,0.6,0.595
BTC-USD,F1,adamw,0,0.475,0.595
BTC-USD,F1,adamw,1,0.53,0.595
BTC-USD,F1,adamw,2,0.6,0.595
BTC-USD,F2,adam,0,0.405,0.595
BTC-USD,F2,adam,1,0.405,0.595
BTC-USD,F2,adam,2,0.595,0.595
BTC-USD,F2,adamw,0,0.405,0.595
BTC-USD,F2,adamw,1,0.405,0.595
BTC-USD,F2,adamw,2,0.595,0.595
BTC-USD,F3,adam,0,0.565,0.595
BTC-USD,F3,adam,1,0.575,0.595
BTC-USD,F3,adam,2,0.59,0.595
BTC-USD,F3,adamw,0,0.565,0.595
BTC-USD,F3,adamw,1,0.575,0.595
BTC-USD,F3,adamw,2,0.59,0.595
BTC-USD,F4,adam,0,0.75,0.595
BTC-USD,F4,adam,1,0.735,0.595
BTC-USD,F4,adam,2,0.73,0.595
BTC-USD,F4,adamw,0,0.75,0.595
BTC-USD,F4,adamw,1,0.735,0.595
BTC-USD,F4,adamw,2,0.73,0.595
BTC-USD,F6,adam,0,0.585,0.595
BTC-USD,F6,adam,1,0.585,0.595
BTC-USD,F6,adam,2,0.595,0.595
BTC-USD,F6,adamw,0,0.585,0.595
BTC-USD,F6,adamw,1,0.585,0.595
BTC-USD,F6,adamw,2,0.595,0.595
BTC-USD,F7,adam,0,0.61,0.595
BTC-USD,F7,adam,1,0.61,0.595
BTC-USD,F7,adam,2,0.615,0.595
BTC-USD,F7,adamw,0,0.61,0.595
BTC-USD,F7,adamw,1,0.61,0.595
BTC-USD,F7,adamw,2,0.615,0.595
BTC-USD,F5,adam,0,0.385,0.595
BTC-USD,F5,adam,1,0.39,0.595
BTC-USD,F5,adam,2,0.425,0.595
BTC-USD,F5,adamw,0,0.385,0.595
BTC-USD,F5,adamw,1,0.385,0.595
BTC-USD,F5,adamw,2,0.425,0.595
BTC-USD,F9,adam,0,0.59,0.595
BTC-USD,F9,adam,1,0.595,0.595
BTC-USD,F9,adam,2,0.595,0.595
BTC-USD,F9,adamw,0,0.59,0.595
BTC-USD,F9,adamw,1,0.595,0.595
BTC-USD,F9,adamw,2,0.595,0.595
BTC-USD,F8,adam,0,0.61,0.595
BTC-USD,F8,adam,1,0.61,0.595
BTC-USD,F8,adam,2,0.615,0.595
BTC-USD,F8,adamw,0,0.61,0.595
BTC-USD,F8,adamw,1,0.61,0.595
BTC-USD,F8,adamw,2,0.615,0.595
BTC-USD,F0,adam,0,0.575,0.54
BTC-USD,F0,adam,1,0.45,0.54
BTC-USD,F0,adam,2,0.44,0.54
BTC-USD,F0,adamw,0,0.575,0.54
BTC-USD,F0,adamw,1,0.45,0.54
BTC-USD,F0,adamw,2,0.44,0.54
BTC-USD,F1,adam,0,0.54,0.54
BTC-USD,F1,adam,1,0.46,0.54
BTC-USD,F1,adam,2,0.46,0.54
BTC-USD,F1,adamw,0,0.535,0.54
BTC-USD,F1,adamw,1,0.46,0.54
BTC-USD,F1,adamw,2,0.46,0.54
BTC-USD,F2,adam,0,0.54,0.54
BTC-USD,F2,adam,1,0.46,0.54
BTC-USD,F2,adam,2,0.46,0.54
BTC-USD,F2,adamw,0,0.54,0.54
BTC-USD,F2,adamw,1,0.46,0.54
BTC-USD,F2,adamw,2,0.46,0.54
BTC-USD,F3,adam,0,0.53,0.54
BTC-USD,F3,adam,1,0.46,0.54
BTC-USD,F3,adam,2,0.47,0.54
BTC-USD,F3,adamw,0,0.53,0.54
BTC-USD,F3,adamw,1,0.46,0.54
BTC-USD,F3,adamw,2,0.47,0.54
BTC-USD,F4,adam,0,0.795,0.54
BTC-USD,F4,adam,1,0.755,0.54
BTC-USD,F4,adam,2,0.75,0.54
BTC-USD,F4,adamw,0,0.795,0.54
BTC-USD,F4,adamw,1,0.755,0.54
BTC-USD,F4,adamw,2,0.75,0.54
BTC-USD,F6,adam,0,0.54,0.54
BTC-USD,F6,adam,1,0.455,0.54
BTC-USD,F6,adam,2,0.455,0.54
BTC-USD,F6,adamw,0,0.54,0.54
BTC-USD,F6,adamw,1,0.455,0.54
BTC-USD,F6,adamw,2,0.455,0.54
BTC-USD,F7,adam,0,0.585,0.54
BTC-USD,F7,adam,1,0.625,0.54
BTC-USD,F7,adam,2,0.63,0.54
BTC-USD,F7,adamw,0,0.585,0.54
BTC-USD,F7,adamw,1,0.62,0.54
BTC-USD,F7,adamw,2,0.63,0.54
BTC-USD,F5,adam,0,0.505,0.54
BTC-USD,F5,adam,1,0.495,0.54
BTC-USD,F5,adam,2,0.52,0.54
BTC-USD,F5,adamw,0,0.505,0.54
BTC-USD,F5,adamw,1,0.49,0.54
BTC-USD,F5,adamw,2,0.525,0.54
BTC-USD,F9,adam,0,0.545,0.54
BTC-USD,F9,adam,1,0.515,0.54
BTC-USD,F9,adam,2,0.525,0.54
BTC-USD,F9,adamw,0,0.545,0.54
BTC-USD,F9,adamw,1,0.515,0.54
BTC-USD,F9,adamw,2,0.525,0.54
BTC-USD,F8,adam,0,0.585,0.54
BTC-USD,F8,adam,1,0.625,0.54
BTC-USD,F8,adam,2,0.63,0.54
BTC-USD,F8,adamw,0,0.585,0.54
BTC-USD,F8,adamw,1,0.62,0.54
BTC-USD,F8,adamw,2,0.63,0.54
BTC-USD,F0,adam,0,0.55,0.56
BTC-USD,F0,adam,1,0.54,0.56
BTC-USD,F0,adam,2,0.505,0.56
BTC-USD,F0,adamw,0,0.55,0.56
BTC-USD,F0,adamw,1,0.54,0.56
BTC-USD,F0,adamw,2,0.505,0.56
BTC-USD,F1,adam,0,0.515,0.56
BTC-USD,F1,adam,1,0.605,0.56
BTC-USD,F1,adam,2,0.48,0.56
BTC-USD,F1,adamw,0,0.515,0.56
BTC-USD,F1,adamw,1,0.605,0.56
BTC-USD,F1,adamw,2,0.475,0.56
BTC-USD,F2,adam,0,0.44,0.56
BTC-USD,F2,adam,1,0.485,0.56
BTC-USD,F2,adam,2,0.44,0.56
BTC-USD,F2,adamw,0,0.44,0.56
BTC-USD,F2,adamw,1,0.485,0.56
BTC-USD,F2,adamw,2,0.44,0.56
BTC-USD,F3,adam,0,0.525,0.56
BTC-USD,F3,adam,1,0.56,0.56
BTC-USD,F3,adam,2,0.445,0.56
BTC-USD,F3,adamw,0,0.52,0.56
BTC-USD,F3,adamw,1,0.56,0.56
BTC-USD,F3,adamw,2,0.445,0.56
BTC-USD,F4,adam,0,0.76,0.56
BTC-USD,F4,adam,1,0.78,0.56
BTC-USD,F4,adam,2,0.74,0.56
BTC-USD,F4,adamw,0,0.76,0.56
BTC-USD,F4,adamw,1,0.775,0.56
BTC-USD,F4,adamw,2,0.74,0.56
BTC-USD,F6,adam,0,0.51,0.56
BTC-USD,F6,adam,1,0.56,0.56
BTC-USD,F6,adam,2,0.44,0.56
BTC-USD,F6,adamw,0,0.51,0.56
BTC-USD,F6,adamw,1,0.56,0.56
BTC-USD,F6,adamw,2,0.44,0.56
BTC-USD,F7,adam,0,0.605,0.56
BTC-USD,F7,adam,1,0.595,0.56
BTC-USD,F7,adam,2,0.61,0.56
BTC-USD,F7,adamw,0,0.605,0.56
BTC-USD,F7,adamw,1,0.595,0.56
BTC-USD,F7,adamw,2,0.61,0.56
BTC-USD,F5,adam,0,0.475,0.56
BTC-USD,F5,adam,1,0.465,0.56
BTC-USD,F5,adam,2,0.47,0.56
BTC-USD,F5,adamw,0,0.475,0.56
BTC-USD,F5,adamw,1,0.465,0.56
BTC-USD,F5,adamw,2,0.47,0.56
BTC-USD,F9,adam,0,0.57,0.56
BTC-USD,F9,adam,1,0.55,0.56
BTC-USD,F9,adam,2,0.555,0.56
BTC-USD,F9,adamw,0,0.57,0.56
BTC-USD,F9,adamw,1,0.55,0.56
BTC-USD,F9,adamw,2,0.555,0.56
BTC-USD,F8,adam,0,0.605,0.56
BTC-USD,F8,adam,1,0.595,0.56
BTC-USD,F8,adam,2,0.61,0.56
BTC-USD,F8,adamw,0,0.605,0.56
BTC-USD,F8,adamw,1,0.595,0.56
BTC-USD,F8,adamw,2,0.61,0.56
BTC-USD,F0,adam,0,0.475,0.505
BTC-USD,F0,adam,1,0.48,0.505
BTC-USD,F0,adam,2,0.51,0.505
BTC-USD,F0,adamw,0,0.475,0.505
BTC-USD,F0,adamw,1,0.48,0.505
BTC-USD,F0,adamw,2,0.51,0.505
BTC-USD,F1,adam,0,0.49,0.505
BTC-USD,F1,adam,1,0.495,0.505
BTC-USD,F1,adam,2,0.48,0.505
BTC-USD,F1,adamw,0,0.495,0.505
BTC-USD,F1,adamw,1,0.495,0.505
BTC-USD,F1,adamw,2,0.48,0.505
BTC-USD,F2,adam,0,0.495,0.505
BTC-USD,F2,adam,1,0.495,0.505
BTC-USD,F2,adam,2,0.51,0.505
BTC-USD,F2,adamw,0,0.495,0.505
BTC-USD,F2,adamw,1,0.495,0.505
BTC-USD,F2,adamw,2,0.515,0.505
BTC-USD,F3,adam,0,0.495,0.505
BTC-USD,F3,adam,1,0.49,0.505
BTC-USD,F3,adam,2,0.51,0.505
BTC-USD,F3,adamw,0,0.495,0.505
BTC-USD,F3,adamw,1,0.49,0.505
BTC-USD,F3,adamw,2,0.51,0.505
BTC-USD,F4,adam,0,0.715,0.505
BTC-USD,F4,adam,1,0.72,0.505
BTC-USD,F4,adam,2,0.69,0.505
BTC-USD,F4,adamw,0,0.715,0.505
BTC-USD,F4,adamw,1,0.72,0.505
BTC-USD,F4,adamw,2,0.69,0.505
BTC-USD,F6,adam,0,0.495,0.505
BTC-USD,F6,adam,1,0.49,0.505
BTC-USD,F6,adam,2,0.52,0.505
BTC-USD,F6,adamw,0,0.495,0.505
BTC-USD,F6,adamw,1,0.49,0.505
BTC-USD,F6,adamw,2,0.52,0.505
BTC-USD,F7,adam,0,0.54,0.505
BTC-USD,F7,adam,1,0.53,0.505
BTC-USD,F7,adam,2,0.525,0.505
BTC-USD,F7,adamw,0,0.54,0.505
BTC-USD,F7,adamw,1,0.53,0.505
BTC-USD,F7,adamw,2,0.525,0.505
BTC-USD,F5,adam,0,0.425,0.505
BTC-USD,F5,adam,1,0.42,0.505
BTC-USD,F5,adam,2,0.445,0.505
BTC-USD,F5,adamw,0,0.425,0.505
BTC-USD,F5,adamw,1,0.42,0.505
BTC-USD,F5,adamw,2,0.445,0.505
BTC-USD,F9,adam,0,0.575,0.505
BTC-USD,F9,adam,1,0.575,0.505
BTC-USD,F9,adam,2,0.57,0.505
BTC-USD,F9,adamw,0,0.575,0.505
BTC-USD,F9,adamw,1,0.575,0.505
BTC-USD,F9,adamw,2,0.57,0.505
BTC-USD,F8,adam,0,0.54,0.505
BTC-USD,F8,adam,1,0.53,0.505
BTC-USD,F8,adam,2,0.525,0.505
BTC-USD,F8,adamw,0,0.54,0.505
BTC-USD,F8,adamw,1,0.53,0.505
BTC-USD,F8,adamw,2,0.525,0.505
ETH-USD,F0,adam,0,0.43,0.59
ETH-USD,F0,adam,1,0.485,0.59
ETH-USD,F0,adam,2,0.505,0.59
ETH-USD,F0,adamw,0,0.43,0.59
ETH-USD,F0,adamw,1,0.48,0.59
ETH-USD,F0,adamw,2,0.505,0.59
ETH-USD,F1,adam,0,0.45,0.59
ETH-USD,F1,adam,1,0.485,0.59
ETH-USD,F1,adam,2,0.535,0.59
ETH-USD,F1,adamw,0,0.45,0.59
ETH-USD,F1,adamw,1,0.485,0.59
ETH-USD,F1,adamw,2,0.535,0.59
ETH-USD,F2,adam,0,0.41,0.59
ETH-USD,F2,adam,1,0.41,0.59
ETH-USD,F2,adam,2,0.59,0.59
ETH-USD,F2,adamw,0,0.41,0.59
ETH-USD,F2,adamw,1,0.41,0.59
ETH-USD,F2,adamw,2,0.59,0.59
ETH-USD,F3,adam,0,0.605,0.59
ETH-USD,F3,adam,1,0.6,0.59
ETH-USD,F3,adam,2,0.59,0.59
ETH-USD,F3,adamw,0,0.605,0.59
ETH-USD,F3,adamw,1,0.6,0.59
ETH-USD,F3,adamw,2,0.59,0.59
ETH-USD,F4,adam,0,0.755,0.59
ETH-USD,F4,adam,1,0.745,0.59
ETH-USD,F4,adam,2,0.75,0.59
ETH-USD,F4,adamw,0,0.755,0.59
ETH-USD,F4,adamw,1,0.745,0.59
ETH-USD,F4,adamw,2,0.75,0.59
ETH-USD,F6,adam,0,0.56,0.59
ETH-USD,F6,adam,1,0.59,0.59
ETH-USD,F6,adam,2,0.59,0.59
ETH-USD,F6,adamw,0,0.56,0.59
ETH-USD,F6,adamw,1,0.59,0.59
ETH-USD,F6,adamw,2,0.59,0.59
ETH-USD,F7,adam,0,0.61,0.59
ETH-USD,F7,adam,1,0.625,0.59
ETH-USD,F7,adam,2,0.6,0.59
ETH-USD,F7,adamw,0,0.61,0.59
ETH-USD,F7,adamw,1,0.625,0.59
ETH-USD,F7,adamw,2,0.6,0.59
ETH-USD,F5,adam,0,0.4,0.59
ETH-USD,F5,adam,1,0.425,0.59
ETH-USD,F5,adam,2,0.53,0.59
ETH-USD,F5,adamw,0,0.4,0.59
ETH-USD,F5,adamw,1,0.425,0.59
ETH-USD,F5,adamw,2,0.53,0.59
ETH-USD,F9,adam,0,0.575,0.59
ETH-USD,F9,adam,1,0.58,0.59
ETH-USD,F9,adam,2,0.59,0.59
ETH-USD,F9,adamw,0,0.58,0.59
ETH-USD,F9,adamw,1,0.58,0.59
ETH-USD,F9,adamw,2,0.59,0.59
ETH-USD,F8,adam,0,0.61,0.59
ETH-USD,F8,adam,1,0.625,0.59
ETH-USD,F8,adam,2,0.6,0.59
ETH-USD,F8,adamw,0,0.61,0.59
ETH-USD,F8,adamw,1,0.625,0.59
ETH-USD,F8,adamw,2,0.6,0.59
ETH-USD,F0,adam,0,0.435,0.5449999999999999
ETH-USD,F0,adam,1,0.47,0.5449999999999999
ETH-USD,F0,adam,2,0.465,0.5449999999999999
ETH-USD,F0,adamw,0,0.435,0.5449999999999999
ETH-USD,F0,adamw,1,0.47,0.5449999999999999
ETH-USD,F0,adamw,2,0.465,0.5449999999999999
ETH-USD,F1,adam,0,0.42,0.5449999999999999
ETH-USD,F1,adam,1,0.46,0.5449999999999999
ETH-USD,F1,adam,2,0.445,0.5449999999999999
ETH-USD,F1,adamw,0,0.42,0.5449999999999999
ETH-USD,F1,adamw,1,0.46,0.5449999999999999
ETH-USD,F1,adamw,2,0.45,0.5449999999999999
ETH-USD,F2,adam,0,0.495,0.5449999999999999
ETH-USD,F2,adam,1,0.455,0.5449999999999999
ETH-USD,F2,adam,2,0.455,0.5449999999999999
ETH-USD,F2,adamw,0,0.495,0.5449999999999999
ETH-USD,F2,adamw,1,0.455,0.5449999999999999
ETH-USD,F2,adamw,2,0.455,0.5449999999999999
ETH-USD,F3,adam,0,0.495,0.5449999999999999
ETH-USD,F3,adam,1,0.45,0.5449999999999999
ETH-USD,F3,adam,2,0.44,0.5449999999999999
ETH-USD,F3,adamw,0,0.495,0.5449999999999999
ETH-USD,F3,adamw,1,0.45,0.5449999999999999
ETH-USD,F3,adamw,2,0.44,0.5449999999999999
ETH-USD,F4,adam,0,0.765,0.5449999999999999
ETH-USD,F4,adam,1,0.705,0.5449999999999999
ETH-USD,F4,adam,2,0.76,0.5449999999999999
ETH-USD,F4,adamw,0,0.765,0.5449999999999999
ETH-USD,F4,adamw,1,0.705,0.5449999999999999
ETH-USD,F4,adamw,2,0.76,0.5449999999999999
ETH-USD,F6,adam,0,0.505,0.5449999999999999
ETH-USD,F6,adam,1,0.45,0.5449999999999999
ETH-USD,F6,adam,2,0.44,0.5449999999999999
ETH-USD,F6,adamw,0,0.505,0.5449999999999999
ETH-USD,F6,adamw,1,0.45,0.5449999999999999
ETH-USD,F6,adamw,2,0.44,0.5449999999999999
ETH-USD,F7,adam,0,0.61,0.5449999999999999
ETH-USD,F7,adam,1,0.615,0.5449999999999999
ETH-USD,F7,adam,2,0.63,0.5449999999999999
ETH-USD,F7,adamw,0,0.61,0.5449999999999999
ETH-USD,F7,adamw,1,0.615,0.5449999999999999
ETH-USD,F7,adamw,2,0.635,0.5449999999999999
ETH-USD,F5,adam,0,0.51,0.5449999999999999
ETH-USD,F5,adam,1,0.48,0.5449999999999999
ETH-USD,F5,adam,2,0.5,0.5449999999999999
ETH-USD,F5,adamw,0,0.51,0.5449999999999999
ETH-USD,F5,adamw,1,0.48,0.5449999999999999
ETH-USD,F5,adamw,2,0.5,0.5449999999999999
ETH-USD,F9,adam,0,0.57,0.5449999999999999
ETH-USD,F9,adam,1,0.555,0.5449999999999999
ETH-USD,F9,adam,2,0.535,0.5449999999999999
ETH-USD,F9,adamw,0,0.57,0.5449999999999999
ETH-USD,F9,adamw,1,0.555,0.5449999999999999
ETH-USD,F9,adamw,2,0.535,0.5449999999999999
ETH-USD,F8,adam,0,0.61,0.5449999999999999
ETH-USD,F8,adam,1,0.615,0.5449999999999999
ETH-USD,F8,adam,2,0.63,0.5449999999999999
ETH-USD,F8,adamw,0,0.61,0.5449999999999999
ETH-USD,F8,adamw,1,0.615,0.5449999999999999
ETH-USD,F8,adamw,2,0.635,0.5449999999999999
ETH-USD,F0,adam,0,0.57,0.55
ETH-USD,F0,adam,1,0.525,0.55
ETH-USD,F0,adam,2,0.585,0.55
ETH-USD,F0,adamw,0,0.57,0.55
ETH-USD,F0,adamw,1,0.525,0.55
ETH-USD,F0,adamw,2,0.585,0.55
ETH-USD,F1,adam,0,0.56,0.55
ETH-USD,F1,adam,1,0.515,0.55
ETH-USD,F1,adam,2,0.57,0.55
ETH-USD,F1,adamw,0,0.56,0.55
ETH-USD,F1,adamw,1,0.515,0.55
ETH-USD,F1,adamw,2,0.57,0.55
ETH-USD,F2,adam,0,0.55,0.55
ETH-USD,F2,adam,1,0.45,0.55
ETH-USD,F2,adam,2,0.55,0.55
ETH-USD,F2,adamw,0,0.55,0.55
ETH-USD,F2,adamw,1,0.45,0.55
ETH-USD,F2,adamw,2,0.55,0.55
ETH-USD,F3,adam,0,0.55,0.55
ETH-USD,F3,adam,1,0.46,0.55
ETH-USD,F3,adam,2,0.55,0.55
ETH-USD,F3,adamw,0,0.55,0.55
ETH-USD,F3,adamw,1,0.46,0.55
ETH-USD,F3,adamw,2,0.55,0.55
ETH-USD,F4,adam,0,0.74,0.55
ETH-USD,F4,adam,1,0.73,0.55
ETH-USD,F4,adam,2,0.73,0.55
ETH-USD,F4,adamw,0,0.74,0.55
ETH-USD,F4,adamw,1,0.73,0.55
ETH-USD,F4,adamw,2,0.73,0.55
ETH-USD,F6,adam,0,0.55,0.55
ETH-USD,F6,adam,1,0.45,0.55
ETH-USD,F6,adam,2,0.55,0.55
ETH-USD,F6,adamw,0,0.55,0.55
ETH-USD,F6,adamw,1,0.45,0.55
ETH-USD,F6,adamw,2,0.55,0.55
ETH-USD,F7,adam,0,0.56,0.55
ETH-USD,F7,adam,1,0.57,0.55
ETH-USD,F7,adam,2,0.56,0.55
ETH-USD,F7,adamw,0,0.56,0.55
ETH-USD,F7,adamw,1,0.57,0.55
ETH-USD,F7,adamw,2,0.56,0.55
ETH-USD,F5,adam,0,0.44,0.55
ETH-USD,F5,adam,1,0.48,0.55
ETH-USD,F5,adam,2,0.44,0.55
ETH-USD,F5,adamw,0,0.44,0.55
ETH-USD,F5,adamw,1,0.48,0.55
ETH-USD,F5,adamw,2,0.44,0.55
ETH-USD,F9,adam,0,0.57,0.55
ETH-USD,F9,adam,1,0.595,0.55
ETH-USD,F9,adam,2,0.565,0.55
ETH-USD,F9,adamw,0,0.57,0.55
ETH-USD,F9,adamw,1,0.595,0.55
ETH-USD,F9,adamw,2,0.565,0.55
ETH-USD,F8,adam,0,0.56,0.55
ETH-USD,F8,adam,1,0.57,0.55
ETH-USD,F8,adam,2,0.56,0.55
ETH-USD,F8,adamw,0,0.56,0.55
ETH-USD,F8,adamw,1,0.57,0.55
ETH-USD,F8,adamw,2,0.56,0.55
ETH-USD,F0,adam,0,0.47,0.52
ETH-USD,F0,adam,1,0.475,0.52
ETH-USD,F0,adam,2,0.49,0.52
ETH-USD,F0,adamw,0,0.47,0.52
ETH-USD,F0,adamw,1,0.475,0.52
ETH-USD,F0,adamw,2,0.49,0.52
ETH-USD,F1,adam,0,0.465,0.52
ETH-USD,F1,adam,1,0.5,0.52
ETH-USD,F1,adam,2,0.465,0.52
ETH-USD,F1,adamw,0,0.47,0.52
ETH-USD,F1,adamw,1,0.5,0.52
ETH-USD,F1,adamw,2,0.465,0.52
ETH-USD,F2,adam,0,0.525,0.52
ETH-USD,F2,adam,1,0.52,0.52
ETH-USD,F2,adam,2,0.48,0.52
ETH-USD,F2,adamw,0,0.525,0.52
ETH-USD,F2,adamw,1,0.52,0.52
ETH-USD,F2,adamw,2,0.48,0.52
ETH-USD,F3,adam,0,0.54,0.52
ETH-USD,F3,adam,1,0.515,0.52
ETH-USD,F3,adam,2,0.565,0.52
ETH-USD,F3,adamw,0,0.54,0.52
ETH-USD,F3,adamw,1,0.515,0.52
ETH-USD,F3,adamw,2,0.565,0.52
ETH-USD,F4,adam,0,0.695,0.52
ETH-USD,F4,adam,1,0.71,0.52
ETH-USD,F4,adam,2,0.68,0.52
ETH-USD,F4,adamw,0,0.69,0.52
ETH-USD,F4,adamw,1,0.705,0.52
ETH-USD,F4,adamw,2,0.68,0.52
ETH-USD,F6,adam,0,0.52,0.52
ETH-USD,F6,adam,1,0.525,0.52
ETH-USD,F6,adam,2,0.56,0.52
ETH-USD,F6,adamw,0,0.52,0.52
ETH-USD,F6,adamw,1,0.525,0.52
ETH-USD,F6,adamw,2,0.565,0.52
ETH-USD,F7,adam,0,0.545,0.52
ETH-USD,F7,adam,1,0.58,0.52
ETH-USD,F7,adam,2,0.555,0.52
ETH-USD,F7,adamw,0,0.54,0.52
ETH-USD,F7,adamw,1,0.58,0.52
ETH-USD,F7,adamw,2,0.555,0.52
ETH-USD,F5,adam,0,0.415,0.52
ETH-USD,F5,adam,1,0.435,0.52
ETH-USD,F5,adam,2,0.42,0.52
ETH-USD,F5,adamw,0,0.415,0.52
ETH-USD,F5,adamw,1,0.435,0.52
ETH-USD,F5,adamw,2,0.42,0.52
ETH-USD,F9,adam,0,0.58,0.52
ETH-USD,F9,adam,1,0.57,0.52
ETH-USD,F9,adam,2,0.565,0.52
ETH-USD,F9,adamw,0,0.58,0.52
ETH-USD,F9,adamw,1,0.57,0.52
ETH-USD,F9,adamw,2,0.565,0.52
ETH-USD,F8,adam,0,0.545,0.52
ETH-USD,F8,adam,1,0.58,0.52
ETH-USD,F8,adam,2,0.555,0.52
ETH-USD,F8,adamw,0,0.54,0.52
ETH-USD,F8,adamw,1,0.58,0.52
ETH-USD,F8,adamw,2,0.555,0.52
EURUSD=X,F0,adam,0,0.62,0.62
EURUSD=X,F0,adam,1,0.63,0.62
EURUSD=X,F0,adam,2,0.625,0.62
EURUSD=X,F0,adamw,0,0.62,0.62
EURUSD=X,F0,adamw,1,0.63,0.62
EURUSD=X,F0,adamw,2,0.625,0.62
EURUSD=X,F1,adam,0,0.62,0.62
EURUSD=X,F1,adam,1,0.62,0.62
EURUSD=X,F1,adam,2,0.62,0.62
EURUSD=X,F1,adamw,0,0.62,0.62
EURUSD=X,F1,adamw,1,0.62,0.62
EURUSD=X,F1,adamw,2,0.62,0.62
EURUSD=X,F2,adam,0,0.62,0.62
EURUSD=X,F2,adam,1,0.62,0.62
EURUSD=X,F2,adam,2,0.62,0.62
EURUSD=X,F2,adamw,0,0.62,0.62
EURUSD=X,F2,adamw,1,0.62,0.62
EURUSD=X,F2,adamw,2,0.62,0.62
EURUSD=X,F3,adam,0,0.62,0.62
EURUSD=X,F3,adam,1,0.62,0.62
EURUSD=X,F3,adam,2,0.62,0.62
EURUSD=X,F3,adamw,0,0.62,0.62
EURUSD=X,F3,adamw,1,0.62,0.62
EURUSD=X,F3,adamw,2,0.62,0.62
EURUSD=X,F4,adam,0,0.635,0.62
EURUSD=X,F4,adam,1,0.64,0.62
EURUSD=X,F4,adam,2,0.64,0.62
EURUSD=X,F4,adamw,0,0.635,0.62
EURUSD=X,F4,adamw,1,0.64,0.62
EURUSD=X,F4,adamw,2,0.64,0.62
EURUSD=X,F6,adam,0,0.62,0.62
EURUSD=X,F6,adam,1,0.62,0.62
EURUSD=X,F6,adam,2,0.62,0.62
EURUSD=X,F6,adamw,0,0.62,0.62
EURUSD=X,F6,adamw,1,0.62,0.62
EURUSD=X,F6,adamw,2,0.62,0.62
EURUSD=X,F7,adam,0,0.62,0.62
EURUSD=X,F7,adam,1,0.625,0.62
EURUSD=X,F7,adam,2,0.62,0.62
EURUSD=X,F7,adamw,0,0.62,0.62
EURUSD=X,F7,adamw,1,0.625,0.62
EURUSD=X,F7,adamw,2,0.62,0.62
EURUSD=X,F5,adam,0,0.62,0.62
EURUSD=X,F5,adam,1,0.62,0.62
EURUSD=X,F5,adam,2,0.62,0.62
EURUSD=X,F5,adamw,0,0.62,0.62
EURUSD=X,F5,adamw,1,0.62,0.62
EURUSD=X,F5,adamw,2,0.62,0.62
EURUSD=X,F9,adam,0,0.615,0.62
EURUSD=X,F9,adam,1,0.625,0.62
EURUSD=X,F9,adam,2,0.62,0.62
EURUSD=X,F9,adamw,0,0.615,0.62
EURUSD=X,F9,adamw,1,0.625,0.62
EURUSD=X,F9,adamw,2,0.62,0.62
EURUSD=X,F8,adam,0,0.62,0.62
EURUSD=X,F8,adam,1,0.625,0.62
EURUSD=X,F8,adam,2,0.62,0.62
EURUSD=X,F8,adamw,0,0.62,0.62
EURUSD=X,F8,adamw,1,0.625,0.62
EURUSD=X,F8,adamw,2,0.62,0.62
EURUSD=X,F0,adam,0,0.645,0.64
EURUSD=X,F0,adam,1,0.635,0.64
EURUSD=X,F0,adam,2,0.65,0.64
EURUSD=X,F0,adamw,0,0.645,0.64
EURUSD=X,F0,adamw,1,0.635,0.64
EURUSD=X,F0,adamw,2,0.65,0.64
EURUSD=X,F1,adam,0,0.64,0.64
EURUSD=X,F1,adam,1,0.64,0.64
EURUSD=X,F1,adam,2,0.63,0.64
EURUSD=X,F1,adamw,0,0.64,0.64
EURUSD=X,F1,adamw,1,0.64,0.64
EURUSD=X,F1,adamw,2,0.63,0.64
EURUSD=X,F2,adam,0,0.64,0.64
EURUSD=X,F2,adam,1,0.64,0.64
EURUSD=X,F2,adam,2,0.64,0.64
EURUSD=X,F2,adamw,0,0.64,0.64
EURUSD=X,F2,adamw,1,0.64,0.64
EURUSD=X,F2,adamw,2,0.64,0.64
EURUSD=X,F3,adam,0,0.635,0.64
EURUSD=X,F3,adam,1,0.64,0.64
EURUSD=X,F3,adam,2,0.635,0.64
EURUSD=X,F3,adamw,0,0.635,0.64
EURUSD=X,F3,adamw,1,0.64,0.64
EURUSD=X,F3,adamw,2,0.635,0.64
EURUSD=X,F4,adam,0,0.665,0.64
EURUSD=X,F4,adam,1,0.66,0.64
EURUSD=X,F4,adam,2,0.675,0.64
EURUSD=X,F4,adamw,0,0.665,0.64
EURUSD=X,F4,adamw,1,0.66,0.64
EURUSD=X,F4,adamw,2,0.675,0.64
EURUSD=X,F6,adam,0,0.64,0.64
EURUSD=X,F6,adam,1,0.64,0.64
EURUSD=X,F6,adam,2,0.64,0.64
EURUSD=X,F6,adamw,0,0.64,0.64
EURUSD=X,F6,adamw,1,0.64,0.64
EURUSD=X,F6,adamw,2,0.64,0.64
EURUSD=X,F7,adam,0,0.645,0.64
EURUSD=X,F7,adam,1,0.655,0.64
EURUSD=X,F7,adam,2,0.655,0.64
EURUSD=X,F7,adamw,0,0.645,0.64
EURUSD=X,F7,adamw,1,0.655,0.64
EURUSD=X,F7,adamw,2,0.655,0.64
EURUSD=X,F5,adam,0,0.595,0.64
EURUSD=X,F5,adam,1,0.545,0.64
EURUSD=X,F5,adam,2,0.53,0.64
EURUSD=X,F5,adamw,0,0.595,0.64
EURUSD=X,F5,adamw,1,0.55,0.64
EURUSD=X,F5,adamw,2,0.53,0.64
EURUSD=X,F9,adam,0,0.645,0.64
EURUSD=X,F9,adam,1,0.63,0.64
EURUSD=X,F9,adam,2,0.62,0.64
EURUSD=X,F9,adamw,0,0.645,0.64
EURUSD=X,F9,adamw,1,0.63,0.64
EURUSD=X,F9,adamw,2,0.62,0.64
EURUSD=X,F8,adam,0,0.645,0.64
EURUSD=X,F8,adam,1,0.655,0.64
EURUSD=X,F8,adam,2,0.655,0.64
EURUSD=X,F8,adamw,0,0.645,0.64
EURUSD=X,F8,adamw,1,0.655,0.64
EURUSD=X,F8,adamw,2,0.655,0.64
EURUSD=X,F0,adam,0,0.665,0.665
EURUSD=X,F0,adam,1,0.665,0.665
EURUSD=X,F0,adam,2,0.665,0.665
EURUSD=X,F0,adamw,0,0.665,0.665
EURUSD=X,F0,adamw,1,0.665,0.665
EURUSD=X,F0,adamw,2,0.665,0.665
EURUSD=X,F1,adam,0,0.665,0.665
EURUSD=X,F1,adam,1,0.665,0.665
EURUSD=X,F1,adam,2,0.665,0.665
EURUSD=X,F1,adamw,0,0.665,0.665
EURUSD=X,F1,adamw,1,0.665,0.665
EURUSD=X,F1,adamw,2,0.665,0.665
EURUSD=X,F2,adam,0,0.665,0.665
EURUSD=X,F2,adam,1,0.665,0.665
EURUSD=X,F2,adam,2,0.665,0.665
EURUSD=X,F2,adamw,0,0.665,0.665
EURUSD=X,F2,adamw,1,0.665,0.665
EURUSD=X,F2,adamw,2,0.665,0.665
EURUSD=X,F3,adam,0,0.665,0.665
EURUSD=X,F3,adam,1,0.665,0.665
EURUSD=X,F3,adam,2,0.665,0.665
EURUSD=X,F3,adamw,0,0.665,0.665
EURUSD=X,F3,adamw,1,0.665,0.665
EURUSD=X,F3,adamw,2,0.665,0.665
EURUSD=X,F4,adam,0,0.67,0.665
EURUSD=X,F4,adam,1,0.665,0.665
EURUSD=X,F4,adam,2,0.67,0.665
EURUSD=X,F4,adamw,0,0.67,0.665
EURUSD=X,F4,adamw,1,0.665,0.665
EURUSD=X,F4,adamw,2,0.67,0.665
EURUSD=X,F6,adam,0,0.665,0.665
EURUSD=X,F6,adam,1,0.665,0.665
EURUSD=X,F6,adam,2,0.665,0.665
EURUSD=X,F6,adamw,0,0.665,0.665
EURUSD=X,F6,adamw,1,0.665,0.665
EURUSD=X,F6,adamw,2,0.665,0.665
EURUSD=X,F7,adam,0,0.665,0.665
EURUSD=X,F7,adam,1,0.665,0.665
EURUSD=X,F7,adam,2,0.665,0.665
EURUSD=X,F7,adamw,0,0.665,0.665
EURUSD=X,F7,adamw,1,0.665,0.665
EURUSD=X,F7,adamw,2,0.665,0.665
EURUSD=X,F5,adam,0,0.665,0.665
EURUSD=X,F5,adam,1,0.665,0.665
EURUSD=X,F5,adam,2,0.665,0.665
EURUSD=X,F5,adamw,0,0.665,0.665
EURUSD=X,F5,adamw,1,0.665,0.665
EURUSD=X,F5,adamw,2,0.665,0.665
EURUSD=X,F9,adam,0,0.65,0.665
EURUSD=X,F9,adam,1,0.66,0.665
EURUSD=X,F9,adam,2,0.65,0.665
EURUSD=X,F9,adamw,0,0.65,0.665
EURUSD=X,F9,adamw,1,0.665,0.665
EURUSD=X,F9,adamw,2,0.65,0.665
EURUSD=X,F8,adam,0,0.665,0.665
EURUSD=X,F8,adam,1,0.665,0.665
EURUSD=X,F8,adam,2,0.665,0.665
EURUSD=X,F8,adamw,0,0.665,0.665
EURUSD=X,F8,adamw,1,0.665,0.665
EURUSD=X,F8,adamw,2,0.665,0.665
EURUSD=X,F0,adam,0,0.65,0.65
EURUSD=X,F0,adam,1,0.65,0.65
EURUSD=X,F0,adam,2,0.645,0.65
EURUSD=X,F0,adamw,0,0.65,0.65
EURUSD=X,F0,adamw,1,0.65,0.65
EURUSD=X,F0,adamw,2,0.65,0.65
EURUSD=X,F1,adam,0,0.65,0.65
EURUSD=X,F1,adam,1,0.65,0.65
EURUSD=X,F1,adam,2,0.65,0.65
EURUSD=X,F1,adamw,0,0.65,0.65
EURUSD=X,F1,adamw,1,0.65,0.65
EURUSD=X,F1,adamw,2,0.65,0.65
EURUSD=X,F2,adam,0,0.65,0.65
EURUSD=X,F2,adam,1,0.65,0.65
EURUSD=X,F2,adam,2,0.65,0.65
EURUSD=X,F2,adamw,0,0.65,0.65
EURUSD=X,F2,adamw,1,0.65,0.65
EURUSD=X,F2,adamw,2,0.65,0.65
EURUSD=X,F3,adam,0,0.65,0.65
EURUSD=X,F3,adam,1,0.65,0.65
EURUSD=X,F3,adam,2,0.65,0.65
EURUSD=X,F3,adamw,0,0.65,0.65
EURUSD=X,F3,adamw,1,0.65,0.65
EURUSD=X,F3,adamw,2,0.65,0.65
EURUSD=X,F4,adam,0,0.65,0.65
EURUSD=X,F4,adam,1,0.65,0.65
EURUSD=X,F4,adam,2,0.655,0.65
EURUSD=X,F4,adamw,0,0.65,0.65
EURUSD=X,F4,adamw,1,0.65,0.65
EURUSD=X,F4,adamw,2,0.66,0.65
EURUSD=X,F6,adam,0,0.65,0.65
EURUSD=X,F6,adam,1,0.65,0.65
EURUSD=X,F6,adam,2,0.65,0.65
EURUSD=X,F6,adamw,0,0.65,0.65
EURUSD=X,F6,adamw,1,0.65,0.65
EURUSD=X,F6,adamw,2,0.65,0.65
EURUSD=X,F7,adam,0,0.645,0.65
EURUSD=X,F7,adam,1,0.645,0.65
EURUSD=X,F7,adam,2,0.645,0.65
EURUSD=X,F7,adamw,0,0.645,0.65
EURUSD=X,F7,adamw,1,0.645,0.65
EURUSD=X,F7,adamw,2,0.645,0.65
EURUSD=X,F5,adam,0,0.65,0.65
EURUSD=X,F5,adam,1,0.65,0.65
EURUSD=X,F5,adam,2,0.635,0.65
EURUSD=X,F5,adamw,0,0.65,0.65
EURUSD=X,F5,adamw,1,0.65,0.65
EURUSD=X,F5,adamw,2,0.635,0.65
EURUSD=X,F9,adam,0,0.645,0.65
EURUSD=X,F9,adam,1,0.645,0.65
EURUSD=X,F9,adam,2,0.64,0.65
EURUSD=X,F9,adamw,0,0.645,0.65
EURUSD=X,F9,adamw,1,0.645,0.65
EURUSD=X,F9,adamw,2,0.64,0.65
EURUSD=X,F8,adam,0,0.645,0.65
EURUSD=X,F8,adam,1,0.645,0.65
EURUSD=X,F8,adam,2,0.645,0.65
EURUSD=X,F8,adamw,0,0.645,0.65
EURUSD=X,F8,adamw,1,0.645,0.65
EURUSD=X,F8,adamw,2,0.645,0.65
GBPUSD=X,F0,adam,0,0.595,0.595
GBPUSD=X,F0,adam,1,0.6,0.595
GBPUSD=X,F0,adam,2,0.595,0.595
GBPUSD=X,F0,adamw,0,0.595,0.595
GBPUSD=X,F0,adamw,1,0.6,0.595
GBPUSD=X,F0,adamw,2,0.595,0.595
GBPUSD=X,F1,adam,0,0.595,0.595
GBPUSD=X,F1,adam,1,0.595,0.595
GBPUSD=X,F1,adam,2,0.595,0.595
GBPUSD=X,F1,adamw,0,0.595,0.595
GBPUSD=X,F1,adamw,1,0.595,0.595
GBPUSD=X,F1,adamw,2,0.595,0.595
GBPUSD=X,F2,adam,0,0.595,0.595
GBPUSD=X,F2,adam,1,0.595,0.595
GBPUSD=X,F2,adam,2,0.595,0.595
GBPUSD=X,F2,adamw,0,0.595,0.595
GBPUSD=X,F2,adamw,1,0.595,0.595
GBPUSD=X,F2,adamw,2,0.595,0.595
GBPUSD=X,F3,adam,0,0.595,0.595
GBPUSD=X,F3,adam,1,0.595,0.595
GBPUSD=X,F3,adam,2,0.595,0.595
GBPUSD=X,F3,adamw,0,0.595,0.595
GBPUSD=X,F3,adamw,1,0.595,0.595
GBPUSD=X,F3,adamw,2,0.595,0.595
GBPUSD=X,F4,adam,0,0.595,0.595
GBPUSD=X,F4,adam,1,0.61,0.595
GBPUSD=X,F4,adam,2,0.605,0.595
GBPUSD=X,F4,adamw,0,0.595,0.595
GBPUSD=X,F4,adamw,1,0.61,0.595
GBPUSD=X,F4,adamw,2,0.605,0.595
GBPUSD=X,F6,adam,0,0.595,0.595
GBPUSD=X,F6,adam,1,0.595,0.595
GBPUSD=X,F6,adam,2,0.595,0.595
GBPUSD=X,F6,adamw,0,0.595,0.595
GBPUSD=X,F6,adamw,1,0.595,0.595
GBPUSD=X,F6,adamw,2,0.595,0.595
GBPUSD=X,F7,adam,0,0.595,0.595
GBPUSD=X,F7,adam,1,0.595,0.595
GBPUSD=X,F7,adam,2,0.595,0.595
GBPUSD=X,F7,adamw,0,0.595,0.595
GBPUSD=X,F7,adamw,1,0.595,0.595
GBPUSD=X,F7,adamw,2,0.595,0.595
GBPUSD=X,F5,adam,0,0.595,0.595
GBPUSD=X,F5,adam,1,0.595,0.595
GBPUSD=X,F5,adam,2,0.595,0.595
GBPUSD=X,F5,adamw,0,0.595,0.595
GBPUSD=X,F5,adamw,1,0.595,0.595
GBPUSD=X,F5,adamw,2,0.595,0.595
GBPUSD=X,F9,adam,0,0.595,0.595
GBPUSD=X,F9,adam,1,0.595,0.595
GBPUSD=X,F9,adam,2,0.595,0.595
GBPUSD=X,F9,adamw,0,0.595,0.595
GBPUSD=X,F9,adamw,1,0.595,0.595
GBPUSD=X,F9,adamw,2,0.595,0.595
GBPUSD=X,F8,adam,0,0.595,0.595
GBPUSD=X,F8,adam,1,0.595,0.595
GBPUSD=X,F8,adam,2,0.595,0.595
GBPUSD=X,F8,adamw,0,0.595,0.595
GBPUSD=X,F8,adamw,1,0.595,0.595
GBPUSD=X,F8,adamw,2,0.595,0.595
GBPUSD=X,F0,adam,0,0.665,0.6699999999999999
GBPUSD=X,F0,adam,1,0.665,0.6699999999999999
GBPUSD=X,F0,adam,2,0.65,0.6699999999999999
GBPUSD=X,F0,adamw,0,0.665,0.6699999999999999
GBPUSD=X,F0,adamw,1,0.665,0.6699999999999999
GBPUSD=X,F0,adamw,2,0.65,0.6699999999999999
GBPUSD=X,F1,adam,0,0.665,0.6699999999999999
GBPUSD=X,F1,adam,1,0.67,0.6699999999999999
GBPUSD=X,F1,adam,2,0.66,0.6699999999999999
GBPUSD=X,F1,adamw,0,0.665,0.6699999999999999
GBPUSD=X,F1,adamw,1,0.67,0.6699999999999999
GBPUSD=X,F1,adamw,2,0.66,0.6699999999999999
GBPUSD=X,F2,adam,0,0.67,0.6699999999999999
GBPUSD=X,F2,adam,1,0.67,0.6699999999999999
GBPUSD=X,F2,adam,2,0.67,0.6699999999999999
GBPUSD=X,F2,adamw,0,0.67,0.6699999999999999
GBPUSD=X,F2,adamw,1,0.67,0.6699999999999999
GBPUSD=X,F2,adamw,2,0.67,0.6699999999999999
GBPUSD=X,F3,adam,0,0.665,0.6699999999999999
GBPUSD=X,F3,adam,1,0.665,0.6699999999999999
GBPUSD=X,F3,adam,2,0.665,0.6699999999999999
GBPUSD=X,F3,adamw,0,0.665,0.6699999999999999
GBPUSD=X,F3,adamw,1,0.665,0.6699999999999999
GBPUSD=X,F3,adamw,2,0.665,0.6699999999999999
GBPUSD=X,F4,adam,0,0.69,0.6699999999999999
GBPUSD=X,F4,adam,1,0.69,0.6699999999999999
GBPUSD=X,F4,adam,2,0.71,0.6699999999999999
GBPUSD=X,F4,adamw,0,0.69,0.6699999999999999
GBPUSD=X,F4,adamw,1,0.69,0.6699999999999999
GBPUSD=X,F4,adamw,2,0.71,0.6699999999999999
GBPUSD=X,F6,adam,0,0.67,0.6699999999999999
GBPUSD=X,F6,adam,1,0.67,0.6699999999999999
GBPUSD=X,F6,adam,2,0.67,0.6699999999999999
GBPUSD=X,F6,adamw,0,0.67,0.6699999999999999
GBPUSD=X,F6,adamw,1,0.67,0.6699999999999999
GBPUSD=X,F6,adamw,2,0.67,0.6699999999999999
GBPUSD=X,F7,adam,0,0.675,0.6699999999999999
GBPUSD=X,F7,adam,1,0.67,0.6699999999999999
GBPUSD=X,F7,adam,2,0.675,0.6699999999999999
GBPUSD=X,F7,adamw,0,0.675,0.6699999999999999
GBPUSD=X,F7,adamw,1,0.67,0.6699999999999999
GBPUSD=X,F7,adamw,2,0.675,0.6699999999999999
GBPUSD=X,F5,adam,0,0.6,0.6699999999999999
GBPUSD=X,F5,adam,1,0.61,0.6699999999999999
GBPUSD=X,F5,adam,2,0.565,0.6699999999999999
GBPUSD=X,F5,adamw,0,0.6,0.6699999999999999
GBPUSD=X,F5,adamw,1,0.61,0.6699999999999999
GBPUSD=X,F5,adamw,2,0.565,0.6699999999999999
GBPUSD=X,F9,adam,0,0.67,0.6699999999999999
GBPUSD=X,F9,adam,1,0.67,0.6699999999999999
GBPUSD=X,F9,adam,2,0.665,0.6699999999999999
GBPUSD=X,F9,adamw,0,0.67,0.6699999999999999
GBPUSD=X,F9,adamw,1,0.67,0.6699999999999999
GBPUSD=X,F9,adamw,2,0.665,0.6699999999999999
GBPUSD=X,F8,adam,0,0.675,0.6699999999999999
GBPUSD=X,F8,adam,1,0.67,0.6699999999999999
GBPUSD=X,F8,adam,2,0.675,0.6699999999999999
GBPUSD=X,F8,adamw,0,0.675,0.6699999999999999
GBPUSD=X,F8,adamw,1,0.67,0.6699999999999999
GBPUSD=X,F8,adamw,2,0.675,0.6699999999999999
GBPUSD=X,F0,adam,0,0.61,0.61
GBPUSD=X,F0,adam,1,0.61,0.61
GBPUSD=X,F0,adam,2,0.61,0.61
GBPUSD=X,F0,adamw,0,0.61,0.61
GBPUSD=X,F0,adamw,1,0.61,0.61
GBPUSD=X,F0,adamw,2,0.61,0.61
GBPUSD=X,F1,adam,0,0.61,0.61
GBPUSD=X,F1,adam,1,0.61,0.61
GBPUSD=X,F1,adam,2,0.61,0.61
GBPUSD=X,F1,adamw,0,0.61,0.61
GBPUSD=X,F1,adamw,1,0.61,0.61
GBPUSD=X,F1,adamw,2,0.61,0.61
GBPUSD=X,F2,adam,0,0.61,0.61
GBPUSD=X,F2,adam,1,0.61,0.61
GBPUSD=X,F2,adam,2,0.61,0.61
GBPUSD=X,F2,adamw,0,0.61,0.61
GBPUSD=X,F2,adamw,1,0.61,0.61
GBPUSD=X,F2,adamw,2,0.61,0.61
GBPUSD=X,F3,adam,0,0.61,0.61
GBPUSD=X,F3,adam,1,0.61,0.61
GBPUSD=X,F3,adam,2,0.61,0.61
GBPUSD=X,F3,adamw,0,0.61,0.61
GBPUSD=X,F3,adamw,1,0.61,0.61
GBPUSD=X,F3,adamw,2,0.61,0.61
GBPUSD=X,F4,adam,0,0.615,0.61
GBPUSD=X,F4,adam,1,0.61,0.61
GBPUSD=X,F4,adam,2,0.615,0.61
GBPUSD=X,F4,adamw,0,0.615,0.61
GBPUSD=X,F4,adamw,1,0.61,0.61
GBPUSD=X,F4,adamw,2,0.615,0.61
GBPUSD=X,F6,adam,0,0.61,0.61
GBPUSD=X,F6,adam,1,0.61,0.61
GBPUSD=X,F6,adam,2,0.61,0.61
GBPUSD=X,F6,adamw,0,0.61,0.61
GBPUSD=X,F6,adamw,1,0.61,0.61
GBPUSD=X,F6,adamw,2,0.61,0.61
GBPUSD=X,F7,adam,0,0.61,0.61
GBPUSD=X,F7,adam,1,0.61,0.61
GBPUSD=X,F7,adam,2,0.61,0.61
GBPUSD=X,F7,adamw,0,0.61,0.61
GBPUSD=X,F7,adamw,1,0.61,0.61
GBPUSD=X,F7,adamw,2,0.61,0.61
GBPUSD=X,F5,adam,0,0.61,0.61
GBPUSD=X,F5,adam,1,0.61,0.61
GBPUSD=X,F5,adam,2,0.61,0.61
GBPUSD=X,F5,adamw,0,0.61,0.61
GBPUSD=X,F5,adamw,1,0.61,0.61
GBPUSD=X,F5,adamw,2,0.61,0.61
GBPUSD=X,F9,adam,0,0.6,0.61
GBPUSD=X,F9,adam,1,0.595,0.61
GBPUSD=X,F9,adam,2,0.605,0.61
GBPUSD=X,F9,adamw,0,0.6,0.61
GBPUSD=X,F9,adamw,1,0.595,0.61
GBPUSD=X,F9,adamw,2,0.6,0.61
GBPUSD=X,F8,adam,0,0.61,0.61
GBPUSD=X,F8,adam,1,0.61,0.61
GBPUSD=X,F8,adam,2,0.61,0.61
GBPUSD=X,F8,adamw,0,0.61,0.61
GBPUSD=X,F8,adamw,1,0.61,0.61
GBPUSD=X,F8,adamw,2,0.61,0.61
GBPUSD=X,F0,adam,0,0.645,0.645
GBPUSD=X,F0,adam,1,0.645,0.645
GBPUSD=X,F0,adam,2,0.645,0.645
GBPUSD=X,F0,adamw,0,0.645,0.645
GBPUSD=X,F0,adamw,1,0.645,0.645
GBPUSD=X,F0,adamw,2,0.645,0.645
GBPUSD=X,F1,adam,0,0.645,0.645
GBPUSD=X,F1,adam,1,0.645,0.645
GBPUSD=X,F1,adam,2,0.645,0.645
GBPUSD=X,F1,adamw,0,0.645,0.645
GBPUSD=X,F1,adamw,1,0.645,0.645
GBPUSD=X,F1,adamw,2,0.645,0.645
GBPUSD=X,F2,adam,0,0.645,0.645
GBPUSD=X,F2,adam,1,0.645,0.645
GBPUSD=X,F2,adam,2,0.645,0.645
GBPUSD=X,F2,adamw,0,0.645,0.645
GBPUSD=X,F2,adamw,1,0.645,0.645
GBPUSD=X,F2,adamw,2,0.645,0.645
GBPUSD=X,F3,adam,0,0.645,0.645
GBPUSD=X,F3,adam,1,0.645,0.645
GBPUSD=X,F3,adam,2,0.645,0.645
GBPUSD=X,F3,adamw,0,0.645,0.645
GBPUSD=X,F3,adamw,1,0.645,0.645
GBPUSD=X,F3,adamw,2,0.645,0.645
GBPUSD=X,F4,adam,0,0.67,0.645
GBPUSD=X,F4,adam,1,0.67,0.645
GBPUSD=X,F4,adam,2,0.665,0.645
GBPUSD=X,F4,adamw,0,0.67,0.645
GBPUSD=X,F4,adamw,1,0.67,0.645
GBPUSD=X,F4,adamw,2,0.66,0.645
GBPUSD=X,F6,adam,0,0.645,0.645
GBPUSD=X,F6,adam,1,0.645,0.645
GBPUSD=X,F6,adam,2,0.645,0.645
GBPUSD=X,F6,adamw,0,0.645,0.645
GBPUSD=X,F6,adamw,1,0.645,0.645
GBPUSD=X,F6,adamw,2,0.645,0.645
GBPUSD=X,F7,adam,0,0.645,0.645
GBPUSD=X,F7,adam,1,0.645,0.645
GBPUSD=X,F7,adam,2,0.645,0.645
GBPUSD=X,F7,adamw,0,0.645,0.645
GBPUSD=X,F7,adamw,1,0.645,0.645
GBPUSD=X,F7,adamw,2,0.645,0.645
GBPUSD=X,F5,adam,0,0.63,0.645
GBPUSD=X,F5,adam,1,0.63,0.645
GBPUSD=X,F5,adam,2,0.615,0.645
GBPUSD=X,F5,adamw,0,0.635,0.645
GBPUSD=X,F5,adamw,1,0.635,0.645
GBPUSD=X,F5,adamw,2,0.615,0.645
GBPUSD=X,F9,adam,0,0.62,0.645
GBPUSD=X,F9,adam,1,0.62,0.645
GBPUSD=X,F9,adam,2,0.63,0.645
GBPUSD=X,F9,adamw,0,0.625,0.645
GBPUSD=X,F9,adamw,1,0.62,0.645
GBPUSD=X,F9,adamw,2,0.63,0.645
GBPUSD=X,F8,adam,0,0.645,0.645
GBPUSD=X,F8,adam,1,0.645,0.645
GBPUSD=X,F8,adam,2,0.645,0.645
GBPUSD=X,F8,adamw,0,0.645,0.645
GBPUSD=X,F8,adamw,1,0.645,0.645
GBPUSD=X,F8,adamw,2,0.645,0.645
JPM,F0,adam,0,0.625,0.625
JPM,F0,adam,1,0.62,0.625
JPM,F0,adam,2,0.62,0.625
JPM,F0,adamw,0,0.625,0.625
JPM,F0,adamw,1,0.62,0.625
JPM,F0,adamw,2,0.62,0.625
JPM,F1,adam,0,0.625,0.625
JPM,F1,adam,1,0.625,0.625
JPM,F1,adam,2,0.625,0.625
JPM,F1,adamw,0,0.625,0.625
JPM,F1,adamw,1,0.625,0.625
JPM,F1,adamw,2,0.625,0.625
JPM,F2,adam,0,0.625,0.625
JPM,F2,adam,1,0.625,0.625
JPM,F2,adam,2,0.625,0.625
JPM,F2,adamw,0,0.625,0.625
JPM,F2,adamw,1,0.625,0.625
JPM,F2,adamw,2,0.625,0.625
JPM,F3,adam,0,0.625,0.625
JPM,F3,adam,1,0.625,0.625
JPM,F3,adam,2,0.625,0.625
JPM,F3,adamw,0,0.625,0.625
JPM,F3,adamw,1,0.625,0.625
JPM,F3,adamw,2,0.625,0.625
JPM,F4,adam,0,0.66,0.625
JPM,F4,adam,1,0.66,0.625
JPM,F4,adam,2,0.66,0.625
JPM,F4,adamw,0,0.66,0.625
JPM,F4,adamw,1,0.66,0.625
JPM,F4,adamw,2,0.66,0.625
JPM,F6,adam,0,0.625,0.625
JPM,F6,adam,1,0.625,0.625
JPM,F6,adam,2,0.625,0.625
JPM,F6,adamw,0,0.625,0.625
JPM,F6,adamw,1,0.625,0.625
JPM,F6,adamw,2,0.625,0.625
JPM,F7,adam,0,0.635,0.625
JPM,F7,adam,1,0.645,0.625
JPM,F7,adam,2,0.64,0.625
JPM,F7,adamw,0,0.635,0.625
JPM,F7,adamw,1,0.645,0.625
JPM,F7,adamw,2,0.64,0.625
JPM,F5,adam,0,0.615,0.625
JPM,F5,adam,1,0.595,0.625
JPM,F5,adam,2,0.6,0.625
JPM,F5,adamw,0,0.62,0.625
JPM,F5,adamw,1,0.595,0.625
JPM,F5,adamw,2,0.6,0.625
JPM,F9,adam,0,0.63,0.625
JPM,F9,adam,1,0.555,0.625
JPM,F9,adam,2,0.61,0.625
JPM,F9,adamw,0,0.63,0.625
JPM,F9,adamw,1,0.56,0.625
JPM,F9,adamw,2,0.61,0.625
JPM,F8,adam,0,0.635,0.625
JPM,F8,adam,1,0.645,0.625
JPM,F8,adam,2,0.64,0.625
JPM,F8,adamw,0,0.635,0.625
JPM,F8,adamw,1,0.645,0.625
JPM,F8,adamw,2,0.64,0.625
JPM,F0,adam,0,0.675,0.675
JPM,F0,adam,1,0.675,0.675
JPM,F0,adam,2,0.675,0.675
JPM,F0,adamw,0,0.675,0.675
JPM,F0,adamw,1,0.675,0.675
JPM,F0,adamw,2,0.675,0.675
JPM,F1,adam,0,0.675,0.675
JPM,F1,adam,1,0.675,0.675
JPM,F1,adam,2,0.675,0.675
JPM,F1,adamw,0,0.675,0.675
JPM,F1,adamw,1,0.675,0.675
JPM,F1,adamw,2,0.675,0.675
JPM,F2,adam,0,0.675,0.675
JPM,F2,adam,1,0.675,0.675
JPM,F2,adam,2,0.675,0.675
JPM,F2,adamw,0,0.675,0.675
JPM,F2,adamw,1,0.675,0.675
JPM,F2,adamw,2,0.675,0.675
JPM,F3,adam,0,0.675,0.675
JPM,F3,adam,1,0.675,0.675
JPM,F3,adam,2,0.675,0.675
JPM,F3,adamw,0,0.675,0.675
JPM,F3,adamw,1,0.675,0.675
JPM,F3,adamw,2,0.675,0.675
JPM,F4,adam,0,0.705,0.675
JPM,F4,adam,1,0.7,0.675
JPM,F4,adam,2,0.695,0.675
JPM,F4,adamw,0,0.705,0.675
JPM,F4,adamw,1,0.7,0.675
JPM,F4,adamw,2,0.7,0.675
JPM,F6,adam,0,0.675,0.675
JPM,F6,adam,1,0.675,0.675
JPM,F6,adam,2,0.65,0.675
JPM,F6,adamw,0,0.675,0.675
JPM,F6,adamw,1,0.675,0.675
JPM,F6,adamw,2,0.65,0.675
JPM,F7,adam,0,0.675,0.675
JPM,F7,adam,1,0.69,0.675
JPM,F7,adam,2,0.705,0.675
JPM,F7,adamw,0,0.675,0.675
JPM,F7,adamw,1,0.685,0.675
JPM,F7,adamw,2,0.705,0.675
JPM,F5,adam,0,0.57,0.675
JPM,F5,adam,1,0.56,0.675
JPM,F5,adam,2,0.54,0.675
JPM,F5,adamw,0,0.57,0.675
JPM,F5,adamw,1,0.56,0.675
JPM,F5,adamw,2,0.54,0.675
JPM,F9,adam,0,0.685,0.675
JPM,F9,adam,1,0.685,0.675
JPM,F9,adam,2,0.68,0.675
JPM,F9,adamw,0,0.685,0.675
JPM,F9,adamw,1,0.685,0.675
JPM,F9,adamw,2,0.68,0.675
JPM,F8,adam,0,0.675,0.675
JPM,F8,adam,1,0.69,0.675
JPM,F8,adam,2,0.705,0.675
JPM,F8,adamw,0,0.675,0.675
JPM,F8,adamw,1,0.685,0.675
JPM,F8,adamw,2,0.705,0.675
JPM,F0,adam,0,0.585,0.585
JPM,F0,adam,1,0.585,0.585
JPM,F0,adam,2,0.585,0.585
JPM,F0,adamw,0,0.585,0.585
JPM,F0,adamw,1,0.585,0.585
JPM,F0,adamw,2,0.585,0.585
JPM,F1,adam,0,0.585,0.585
JPM,F1,adam,1,0.585,0.585
JPM,F1,adam,2,0.585,0.585
JPM,F1,adamw,0,0.585,0.585
JPM,F1,adamw,1,0.585,0.585
JPM,F1,adamw,2,0.585,0.585
JPM,F2,adam,0,0.585,0.585
JPM,F2,adam,1,0.585,0.585
JPM,F2,adam,2,0.585,0.585
JPM,F2,adamw,0,0.585,0.585
JPM,F2,adamw,1,0.585,0.585
JPM,F2,adamw,2,0.585,0.585
JPM,F3,adam,0,0.585,0.585
JPM,F3,adam,1,0.585,0.585
JPM,F3,adam,2,0.585,0.585
JPM,F3,adamw,0,0.585,0.585
JPM,F3,adamw,1,0.585,0.585
JPM,F3,adamw,2,0.585,0.585
JPM,F4,adam,0,0.655,0.585
JPM,F4,adam,1,0.635,0.585
JPM,F4,adam,2,0.655,0.585
JPM,F4,adamw,0,0.65,0.585
JPM,F4,adamw,1,0.635,0.585
JPM,F4,adamw,2,0.655,0.585
JPM,F6,adam,0,0.585,0.585
JPM,F6,adam,1,0.585,0.585
JPM,F6,adam,2,0.585,0.585
JPM,F6,adamw,0,0.585,0.585
JPM,F6,adamw,1,0.585,0.585
JPM,F6,adamw,2,0.585,0.585
JPM,F7,adam,0,0.605,0.585
JPM,F7,adam,1,0.6,0.585
JPM,F7,adam,2,0.595,0.585
JPM,F7,adamw,0,0.605,0.585
JPM,F7,adamw,1,0.595,0.585
JPM,F7,adamw,2,0.595,0.585
JPM,F5,adam,0,0.565,0.585
JPM,F5,adam,1,0.56,0.585
JPM,F5,adam,2,0.565,0.585
JPM,F5,adamw,0,0.565,0.585
JPM,F5,adamw,1,0.56,0.585
JPM,F5,adamw,2,0.565,0.585
JPM,F9,adam,0,0.59,0.585
JPM,F9,adam,1,0.585,0.585
JPM,F9,adam,2,0.6,0.585
JPM,F9,adamw,0,0.59,0.585
JPM,F9,adamw,1,0.585,0.585
JPM,F9,adamw,2,0.6,0.585
JPM,F8,adam,0,0.605,0.585
JPM,F8,adam,1,0.6,0.585
JPM,F8,adam,2,0.595,0.585
JPM,F8,adamw,0,0.605,0.585
JPM,F8,adamw,1,0.595,0.585
JPM,F8,adamw,2,0.595,0.585
JPM,F0,adam,0,0.605,0.605
JPM,F0,adam,1,0.6,0.605
JPM,F0,adam,2,0.605,0.605
JPM,F0,adamw,0,0.605,0.605
JPM,F0,adamw,1,0.6,0.605
JPM,F0,adamw,2,0.605,0.605
JPM,F1,adam,0,0.605,0.605
JPM,F1,adam,1,0.605,0.605
JPM,F1,adam,2,0.605,0.605
JPM,F1,adamw,0,0.605,0.605
JPM,F1,adamw,1,0.605,0.605
JPM,F1,adamw,2,0.605,0.605
JPM,F2,adam,0,0.605,0.605
JPM,F2,adam,1,0.605,0.605
JPM,F2,adam,2,0.605,0.605
JPM,F2,adamw,0,0.605,0.605
JPM,F2,adamw,1,0.605,0.605
JPM,F2,adamw,2,0.605,0.605
JPM,F3,adam,0,0.61,0.605
JPM,F3,adam,1,0.61,0.605
JPM,F3,adam,2,0.61,0.605
JPM,F3,adamw,0,0.61,0.605
JPM,F3,adamw,1,0.61,0.605
JPM,F3,adamw,2,0.61,0.605
JPM,F4,adam,0,0.67,0.605
JPM,F4,adam,1,0.675,0.605
JPM,F4,adam,2,0.67,0.605
JPM,F4,adamw,0,0.67,0.605
JPM,F4,adamw,1,0.675,0.605
JPM,F4,adamw,2,0.67,0.605
JPM,F6,adam,0,0.605,0.605
JPM,F6,adam,1,0.605,0.605
JPM,F6,adam,2,0.605,0.605
JPM,F6,adamw,0,0.605,0.605
JPM,F6,adamw,1,0.605,0.605
JPM,F6,adamw,2,0.605,0.605
JPM,F7,adam,0,0.605,0.605
JPM,F7,adam,1,0.605,0.605
JPM,F7,adam,2,0.605,0.605
JPM,F7,adamw,0,0.605,0.605
JPM,F7,adamw,1,0.605,0.605
JPM,F7,adamw,2,0.605,0.605
JPM,F5,adam,0,0.505,0.605
JPM,F5,adam,1,0.53,0.605
JPM,F5,adam,2,0.5,0.605
JPM,F5,adamw,0,0.505,0.605
JPM,F5,adamw,1,0.53,0.605
JPM,F5,adamw,2,0.5,0.605
JPM,F9,adam,0,0.605,0.605
JPM,F9,adam,1,0.6,0.605
JPM,F9,adam,2,0.595,0.605
JPM,F9,adamw,0,0.605,0.605
JPM,F9,adamw,1,0.6,0.605
JPM,F9,adamw,2,0.595,0.605
JPM,F8,adam,0,0.605,0.605
JPM,F8,adam,1,0.605,0.605
JPM,F8,adam,2,0.605,0.605
JPM,F8,adamw,0,0.605,0.605
JPM,F8,adamw,1,0.605,0.605
JPM,F8,adamw,2,0.605,0.605
MSFT,F0,adam,0,0.625,0.615
MSFT,F0,adam,1,0.625,0.615
MSFT,F0,adam,2,0.625,0.615
MSFT,F0,adamw,0,0.625,0.615
MSFT,F0,adamw,1,0.625,0.615
MSFT,F0,adamw,2,0.625,0.615
MSFT,F1,adam,0,0.615,0.615
MSFT,F1,adam,1,0.63,0.615
MSFT,F1,adam,2,0.615,0.615
MSFT,F1,adamw,0,0.615,0.615
MSFT,F1,adamw,1,0.63,0.615
MSFT,F1,adamw,2,0.615,0.615
MSFT,F2,adam,0,0.615,0.615
MSFT,F2,adam,1,0.615,0.615
MSFT,F2,adam,2,0.615,0.615
MSFT,F2,adamw,0,0.615,0.615
MSFT,F2,adamw,1,0.615,0.615
MSFT,F2,adamw,2,0.615,0.615
MSFT,F3,adam,0,0.615,0.615
MSFT,F3,adam,1,0.615,0.615
MSFT,F3,adam,2,0.615,0.615
MSFT,F3,adamw,0,0.615,0.615
MSFT,F3,adamw,1,0.615,0.615
MSFT,F3,adamw,2,0.615,0.615
MSFT,F4,adam,0,0.67,0.615
MSFT,F4,adam,1,0.665,0.615
MSFT,F4,adam,2,0.675,0.615
MSFT,F4,adamw,0,0.67,0.615
MSFT,F4,adamw,1,0.665,0.615
MSFT,F4,adamw,2,0.675,0.615
MSFT,F6,adam,0,0.615,0.615
MSFT,F6,adam,1,0.615,0.615
MSFT,F6,adam,2,0.615,0.615
MSFT,F6,adamw,0,0.615,0.615
MSFT,F6,adamw,1,0.615,0.615
MSFT,F6,adamw,2,0.615,0.615
MSFT,F7,adam,0,0.615,0.615
MSFT,F7,adam,1,0.615,0.615
MSFT,F7,adam,2,0.615,0.615
MSFT,F7,adamw,0,0.615,0.615
MSFT,F7,adamw,1,0.615,0.615
MSFT,F7,adamw,2,0.615,0.615
MSFT,F5,adam,0,0.53,0.615
MSFT,F5,adam,1,0.485,0.615
MSFT,F5,adam,2,0.505,0.615
MSFT,F5,adamw,0,0.53,0.615
MSFT,F5,adamw,1,0.49,0.615
MSFT,F5,adamw,2,0.505,0.615
MSFT,F9,adam,0,0.615,0.615
MSFT,F9,adam,1,0.62,0.615
MSFT,F9,adam,2,0.62,0.615
MSFT,F9,adamw,0,0.615,0.615
MSFT,F9,adamw,1,0.62,0.615
MSFT,F9,adamw,2,0.62,0.615
MSFT,F8,adam,0,0.615,0.615
MSFT,F8,adam,1,0.615,0.615
MSFT,F8,adam,2,0.615,0.615
MSFT,F8,adamw,0,0.615,0.615
MSFT,F8,adamw,1,0.615,0.615
MSFT,F8,adamw,2,0.615,0.615
MSFT,F0,adam,0,0.67,0.6799999999999999
MSFT,F0,adam,1,0.68,0.6799999999999999
MSFT,F0,adam,2,0.655,0.6799999999999999
MSFT,F0,adamw,0,0.67,0.6799999999999999
MSFT,F0,adamw,1,0.68,0.6799999999999999
MSFT,F0,adamw,2,0.655,0.6799999999999999
MSFT,F1,adam,0,0.68,0.6799999999999999
MSFT,F1,adam,1,0.68,0.6799999999999999
MSFT,F1,adam,2,0.67,0.6799999999999999
MSFT,F1,adamw,0,0.68,0.6799999999999999
MSFT,F1,adamw,1,0.68,0.6799999999999999
MSFT,F1,adamw,2,0.67,0.6799999999999999
MSFT,F2,adam,0,0.68,0.6799999999999999
MSFT,F2,adam,1,0.68,0.6799999999999999
MSFT,F2,adam,2,0.68,0.6799999999999999
MSFT,F2,adamw,0,0.68,0.6799999999999999
MSFT,F2,adamw,1,0.68,0.6799999999999999
MSFT,F2,adamw,2,0.68,0.6799999999999999
MSFT,F3,adam,0,0.675,0.6799999999999999
MSFT,F3,adam,1,0.675,0.6799999999999999
MSFT,F3,adam,2,0.67,0.6799999999999999
MSFT,F3,adamw,0,0.675,0.6799999999999999
MSFT,F3,adamw,1,0.675,0.6799999999999999
MSFT,F3,adamw,2,0.67,0.6799999999999999
MSFT,F4,adam,0,0.73,0.6799999999999999
MSFT,F4,adam,1,0.73,0.6799999999999999
MSFT,F4,adam,2,0.725,0.6799999999999999
MSFT,F4,adamw,0,0.73,0.6799999999999999
MSFT,F4,adamw,1,0.73,0.6799999999999999
MSFT,F4,adamw,2,0.725,0.6799999999999999
MSFT,F6,adam,0,0.585,0.6799999999999999
MSFT,F6,adam,1,0.61,0.6799999999999999
MSFT,F6,adam,2,0.53,0.6799999999999999
MSFT,F6,adamw,0,0.59,0.6799999999999999
MSFT,F6,adamw,1,0.61,0.6799999999999999
MSFT,F6,adamw,2,0.53,0.6799999999999999
MSFT,F7,adam,0,0.715,0.6799999999999999
MSFT,F7,adam,1,0.72,0.6799999999999999
MSFT,F7,adam,2,0.735,0.6799999999999999
MSFT,F7,adamw,0,0.715,0.6799999999999999
MSFT,F7,adamw,1,0.72,0.6799999999999999
MSFT,F7,adamw,2,0.735,0.6799999999999999
MSFT,F5,adam,0,0.445,0.6799999999999999
MSFT,F5,adam,1,0.47,0.6799999999999999
MSFT,F5,adam,2,0.415,0.6799999999999999
MSFT,F5,adamw,0,0.445,0.6799999999999999
MSFT,F5,adamw,1,0.47,0.6799999999999999
MSFT,F5,adamw,2,0.415,0.6799999999999999
MSFT,F9,adam,0,0.68,0.6799999999999999
MSFT,F9,adam,1,0.68,0.6799999999999999
MSFT,F9,adam,2,0.685,0.6799999999999999
MSFT,F9,adamw,0,0.68,0.6799999999999999
MSFT,F9,adamw,1,0.68,0.6799999999999999
MSFT,F9,adamw,2,0.685,0.6799999999999999
MSFT,F8,adam,0,0.715,0.6799999999999999
MSFT,F8,adam,1,0.72,0.6799999999999999
MSFT,F8,adam,2,0.735,0.6799999999999999
MSFT,F8,adamw,0,0.715,0.6799999999999999
MSFT,F8,adamw,1,0.72,0.6799999999999999
MSFT,F8,adamw,2,0.735,0.6799999999999999
MSFT,F0,adam,0,0.64,0.64
MSFT,F0,adam,1,0.64,0.64
MSFT,F0,adam,2,0.64,0.64
MSFT,F0,adamw,0,0.64,0.64
MSFT,F0,adamw,1,0.64,0.64
MSFT,F0,adamw,2,0.64,0.64
MSFT,F1,adam,0,0.64,0.64
MSFT,F1,adam,1,0.64,0.64
MSFT,F1,adam,2,0.64,0.64
MSFT,F1,adamw,0,0.64,0.64
MSFT,F1,adamw,1,0.64,0.64
MSFT,F1,adamw,2,0.64,0.64
MSFT,F2,adam,0,0.64,0.64
MSFT,F2,adam,1,0.64,0.64
MSFT,F2,adam,2,0.64,0.64
MSFT,F2,adamw,0,0.64,0.64
MSFT,F2,adamw,1,0.64,0.64
MSFT,F2,adamw,2,0.64,0.64
MSFT,F3,adam,0,0.64,0.64
MSFT,F3,adam,1,0.64,0.64
MSFT,F3,adam,2,0.64,0.64
MSFT,F3,adamw,0,0.64,0.64
MSFT,F3,adamw,1,0.64,0.64
MSFT,F3,adamw,2,0.64,0.64
MSFT,F4,adam,0,0.68,0.64
MSFT,F4,adam,1,0.68,0.64
MSFT,F4,adam,2,0.68,0.64
MSFT,F4,adamw,0,0.68,0.64
MSFT,F4,adamw,1,0.68,0.64
MSFT,F4,adamw,2,0.68,0.64
MSFT,F6,adam,0,0.64,0.64
MSFT,F6,adam,1,0.64,0.64
MSFT,F6,adam,2,0.64,0.64
MSFT,F6,adamw,0,0.64,0.64
MSFT,F6,adamw,1,0.64,0.64
MSFT,F6,adamw,2,0.64,0.64
MSFT,F7,adam,0,0.645,0.64
MSFT,F7,adam,1,0.64,0.64
MSFT,F7,adam,2,0.645,0.64
MSFT,F7,adamw,0,0.645,0.64
MSFT,F7,adamw,1,0.64,0.64
MSFT,F7,adamw,2,0.645,0.64
MSFT,F5,adam,0,0.63,0.64
MSFT,F5,adam,1,0.625,0.64
MSFT,F5,adam,2,0.63,0.64
MSFT,F5,adamw,0,0.63,0.64
MSFT,F5,adamw,1,0.625,0.64
MSFT,F5,adamw,2,0.63,0.64
MSFT,F9,adam,0,0.64,0.64
MSFT,F9,adam,1,0.64,0.64
MSFT,F9,adam,2,0.64,0.64
MSFT,F9,adamw,0,0.64,0.64
MSFT,F9,adamw,1,0.64,0.64
MSFT,F9,adamw,2,0.64,0.64
MSFT,F8,adam,0,0.645,0.64
MSFT,F8,adam,1,0.64,0.64
MSFT,F8,adam,2,0.645,0.64
MSFT,F8,adamw,0,0.645,0.64
MSFT,F8,adamw,1,0.64,0.64
MSFT,F8,adamw,2,0.645,0.64
MSFT,F0,adam,0,0.635,0.635
MSFT,F0,adam,1,0.635,0.635
MSFT,F0,adam,2,0.635,0.635
MSFT,F0,adamw,0,0.635,0.635
MSFT,F0,adamw,1,0.635,0.635
MSFT,F0,adamw,2,0.635,0.635
MSFT,F1,adam,0,0.635,0.635
MSFT,F1,adam,1,0.635,0.635
MSFT,F1,adam,2,0.635,0.635
MSFT,F1,adamw,0,0.635,0.635
MSFT,F1,adamw,1,0.635,0.635
MSFT,F1,adamw,2,0.635,0.635
MSFT,F2,adam,0,0.635,0.635
MSFT,F2,adam,1,0.635,0.635
MSFT,F2,adam,2,0.635,0.635
MSFT,F2,adamw,0,0.635,0.635
MSFT,F2,adamw,1,0.635,0.635
MSFT,F2,adamw,2,0.635,0.635
MSFT,F3,adam,0,0.635,0.635
MSFT,F3,adam,1,0.635,0.635
MSFT,F3,adam,2,0.635,0.635
MSFT,F3,adamw,0,0.635,0.635
MSFT,F3,adamw,1,0.635,0.635
MSFT,F3,adamw,2,0.635,0.635
MSFT,F4,adam,0,0.675,0.635
MSFT,F4,adam,1,0.67,0.635
MSFT,F4,adam,2,0.675,0.635
MSFT,F4,adamw,0,0.675,0.635
MSFT,F4,adamw,1,0.67,0.635
MSFT,F4,adamw,2,0.675,0.635
MSFT,F6,adam,0,0.635,0.635
MSFT,F6,adam,1,0.635,0.635
MSFT,F6,adam,2,0.635,0.635
MSFT,F6,adamw,0,0.635,0.635
MSFT,F6,adamw,1,0.635,0.635
MSFT,F6,adamw,2,0.635,0.635
MSFT,F7,adam,0,0.635,0.635
MSFT,F7,adam,1,0.635,0.635
MSFT,F7,adam,2,0.635,0.635
MSFT,F7,adamw,0,0.635,0.635
MSFT,F7,adamw,1,0.635,0.635
MSFT,F7,adamw,2,0.635,0.635
MSFT,F5,adam,0,0.565,0.635
MSFT,F5,adam,1,0.575,0.635
MSFT,F5,adam,2,0.56,0.635
MSFT,F5,adamw,0,0.565,0.635
MSFT,F5,adamw,1,0.58,0.635
MSFT,F5,adamw,2,0.56,0.635
MSFT,F9,adam,0,0.635,0.635
MSFT,F9,adam,1,0.635,0.635
MSFT,F9,adam,2,0.62,0.635
MSFT,F9,adamw,0,0.635,0.635
MSFT,F9,adamw,1,0.635,0.635
MSFT,F9,adamw,2,0.62,0.635
MSFT,F8,adam,0,0.635,0.635
MSFT,F8,adam,1,0.635,0.635
MSFT,F8,adam,2,0.635,0.635
MSFT,F8,adamw,0,0.635,0.635
MSFT,F8,adamw,1,0.635,0.635
MSFT,F8,adamw,2,0.635,0.635
QQQ,F0,adam,0,0.61,0.6
QQQ,F0,adam,1,0.61,0.6
QQQ,F0,adam,2,0.605,0.6
QQQ,F0,adamw,0,0.61,0.6
QQQ,F0,adamw,1,0.61,0.6
QQQ,F0,adamw,2,0.605,0.6
QQQ,F1,adam,0,0.6,0.6
QQQ,F1,adam,1,0.605,0.6
QQQ,F1,adam,2,0.6,0.6
QQQ,F1,adamw,0,0.6,0.6
QQQ,F1,adamw,1,0.605,0.6
QQQ,F1,adamw,2,0.6,0.6
QQQ,F2,adam,0,0.6,0.6
QQQ,F2,adam,1,0.6,0.6
QQQ,F2,adam,2,0.6,0.6
QQQ,F2,adamw,0,0.6,0.6
QQQ,F2,adamw,1,0.6,0.6
QQQ,F2,adamw,2,0.6,0.6
QQQ,F3,adam,0,0.6,0.6
QQQ,F3,adam,1,0.595,0.6
QQQ,F3,adam,2,0.6,0.6
QQQ,F3,adamw,0,0.6,0.6
QQQ,F3,adamw,1,0.595,0.6
QQQ,F3,adamw,2,0.6,0.6
QQQ,F4,adam,0,0.67,0.6
QQQ,F4,adam,1,0.685,0.6
QQQ,F4,adam,2,0.67,0.6
QQQ,F4,adamw,0,0.67,0.6
QQQ,F4,adamw,1,0.685,0.6
QQQ,F4,adamw,2,0.67,0.6
QQQ,F6,adam,0,0.605,0.6
QQQ,F6,adam,1,0.605,0.6
QQQ,F6,adam,2,0.6,0.6
QQQ,F6,adamw,0,0.605,0.6
QQQ,F6,adamw,1,0.605,0.6
QQQ,F6,adamw,2,0.6,0.6
QQQ,F7,adam,0,0.6,0.6
QQQ,F7,adam,1,0.6,0.6
QQQ,F7,adam,2,0.6,0.6
QQQ,F7,adamw,0,0.6,0.6
QQQ,F7,adamw,1,0.6,0.6
QQQ,F7,adamw,2,0.6,0.6
QQQ,F5,adam,0,0.535,0.6
QQQ,F5,adam,1,0.525,0.6
QQQ,F5,adam,2,0.53,0.6
QQQ,F5,adamw,0,0.535,0.6
QQQ,F5,adamw,1,0.525,0.6
QQQ,F5,adamw,2,0.53,0.6
QQQ,F9,adam,0,0.595,0.6
QQQ,F9,adam,1,0.59,0.6
QQQ,F9,adam,2,0.6,0.6
QQQ,F9,adamw,0,0.595,0.6
QQQ,F9,adamw,1,0.59,0.6
QQQ,F9,adamw,2,0.6,0.6
QQQ,F8,adam,0,0.6,0.6
QQQ,F8,adam,1,0.6,0.6
QQQ,F8,adam,2,0.6,0.6
QQQ,F8,adamw,0,0.6,0.6
QQQ,F8,adamw,1,0.6,0.6
QQQ,F8,adamw,2,0.6,0.6
QQQ,F0,adam,0,0.655,0.675
QQQ,F0,adam,1,0.65,0.675
QQQ,F0,adam,2,0.645,0.675
QQQ,F0,adamw,0,0.655,0.675
QQQ,F0,adamw,1,0.65,0.675
QQQ,F0,adamw,2,0.645,0.675
QQQ,F1,adam,0,0.675,0.675
QQQ,F1,adam,1,0.69,0.675
QQQ,F1,adam,2,0.68,0.675
QQQ,F1,adamw,0,0.675,0.675
QQQ,F1,adamw,1,0.69,0.675
QQQ,F1,adamw,2,0.68,0.675
QQQ,F2,adam,0,0.675,0.675
QQQ,F2,adam,1,0.675,0.675
QQQ,F2,adam,2,0.675,0.675
QQQ,F2,adamw,0,0.675,0.675
QQQ,F2,adamw,1,0.675,0.675
QQQ,F2,adamw,2,0.675,0.675
QQQ,F3,adam,0,0.675,0.675
QQQ,F3,adam,1,0.67,0.675
QQQ,F3,adam,2,0.675,0.675
QQQ,F3,adamw,0,0.675,0.675
QQQ,F3,adamw,1,0.67,0.675
QQQ,F3,adamw,2,0.675,0.675
QQQ,F4,adam,0,0.745,0.675
QQQ,F4,adam,1,0.72,0.675
QQQ,F4,adam,2,0.725,0.675
QQQ,F4,adamw,0,0.745,0.675
QQQ,F4,adamw,1,0.72,0.675
QQQ,F4,adamw,2,0.725,0.675
QQQ,F6,adam,0,0.52,0.675
QQQ,F6,adam,1,0.495,0.675
QQQ,F6,adam,2,0.505,0.675
QQQ,F6,adamw,0,0.52,0.675
QQQ,F6,adamw,1,0.495,0.675
QQQ,F6,adamw,2,0.51,0.675
QQQ,F7,adam,0,0.675,0.675
QQQ,F7,adam,1,0.675,0.675
QQQ,F7,adam,2,0.675,0.675
QQQ,F7,adamw,0,0.675,0.675
QQQ,F7,adamw,1,0.675,0.675
QQQ,F7,adamw,2,0.675,0.675
QQQ,F5,adam,0,0.465,0.675
QQQ,F5,adam,1,0.45,0.675
QQQ,F5,adam,2,0.445,0.675
QQQ,F5,adamw,0,0.465,0.675
QQQ,F5,adamw,1,0.45,0.675
QQQ,F5,adamw,2,0.445,0.675
QQQ,F9,adam,0,0.655,0.675
QQQ,F9,adam,1,0.655,0.675
QQQ,F9,adam,2,0.67,0.675
QQQ,F9,adamw,0,0.66,0.675
QQQ,F9,adamw,1,0.66,0.675
QQQ,F9,adamw,2,0.67,0.675
QQQ,F8,adam,0,0.675,0.675
QQQ,F8,adam,1,0.675,0.675
QQQ,F8,adam,2,0.675,0.675
QQQ,F8,adamw,0,0.675,0.675
QQQ,F8,adamw,1,0.675,0.675
QQQ,F8,adamw,2,0.675,0.675
QQQ,F0,adam,0,0.61,0.61
QQQ,F0,adam,1,0.61,0.61
QQQ,F0,adam,2,0.61,0.61
QQQ,F0,adamw,0,0.61,0.61
QQQ,F0,adamw,1,0.61,0.61
QQQ,F0,adamw,2,0.61,0.61
QQQ,F1,adam,0,0.61,0.61
QQQ,F1,adam,1,0.61,0.61
QQQ,F1,adam,2,0.61,0.61
QQQ,F1,adamw,0,0.61,0.61
QQQ,F1,adamw,1,0.61,0.61
QQQ,F1,adamw,2,0.61,0.61
QQQ,F2,adam,0,0.61,0.61
QQQ,F2,adam,1,0.61,0.61
QQQ,F2,adam,2,0.61,0.61
QQQ,F2,adamw,0,0.61,0.61
QQQ,F2,adamw,1,0.61,0.61
QQQ,F2,adamw,2,0.61,0.61
QQQ,F3,adam,0,0.61,0.61
QQQ,F3,adam,1,0.61,0.61
QQQ,F3,adam,2,0.61,0.61
QQQ,F3,adamw,0,0.61,0.61
QQQ,F3,adamw,1,0.61,0.61
QQQ,F3,adamw,2,0.61,0.61
QQQ,F4,adam,0,0.655,0.61
QQQ,F4,adam,1,0.63,0.61
QQQ,F4,adam,2,0.65,0.61
QQQ,F4,adamw,0,0.65,0.61
QQQ,F4,adamw,1,0.63,0.61
QQQ,F4,adamw,2,0.65,0.61
QQQ,F6,adam,0,0.585,0.61
QQQ,F6,adam,1,0.61,0.61
QQQ,F6,adam,2,0.585,0.61
QQQ,F6,adamw,0,0.585,0.61
QQQ,F6,adamw,1,0.61,0.61
QQQ,F6,adamw,2,0.59,0.61
QQQ,F7,adam,0,0.605,0.61
QQQ,F7,adam,1,0.61,0.61
QQQ,F7,adam,2,0.61,0.61
QQQ,F7,adamw,0,0.61,0.61
QQQ,F7,adamw,1,0.61,0.61
QQQ,F7,adamw,2,0.61,0.61
QQQ,F5,adam,0,0.595,0.61
QQQ,F5,adam,1,0.585,0.61
QQQ,F5,adam,2,0.59,0.61
QQQ,F5,adamw,0,0.595,0.61
QQQ,F5,adamw,1,0.585,0.61
QQQ,F5,adamw,2,0.59,0.61
QQQ,F9,adam,0,0.6,0.61
QQQ,F9,adam,1,0.61,0.61
QQQ,F9,adam,2,0.59,0.61
QQQ,F9,adamw,0,0.6,0.61
QQQ,F9,adamw,1,0.61,0.61
QQQ,F9,adamw,2,0.59,0.61
QQQ,F8,adam,0,0.605,0.61
QQQ,F8,adam,1,0.61,0.61
QQQ,F8,adam,2,0.61,0.61
QQQ,F8,adamw,0,0.61,0.61
QQQ,F8,adamw,1,0.61,0.61
QQQ,F8,adamw,2,0.61,0.61
QQQ,F0,adam,0,0.595,0.595
QQQ,F0,adam,1,0.595,0.595
QQQ,F0,adam,2,0.595,0.595
QQQ,F0,adamw,0,0.595,0.595
QQQ,F0,adamw,1,0.595,0.595
QQQ,F0,adamw,2,0.595,0.595
QQQ,F1,adam,0,0.595,0.595
QQQ,F1,adam,1,0.595,0.595
QQQ,F1,adam,2,0.595,0.595
QQQ,F1,adamw,0,0.595,0.595
QQQ,F1,adamw,1,0.595,0.595
QQQ,F1,adamw,2,0.595,0.595
QQQ,F2,adam,0,0.595,0.595
QQQ,F2,adam,1,0.595,0.595
QQQ,F2,adam,2,0.595,0.595
QQQ,F2,adamw,0,0.595,0.595
QQQ,F2,adamw,1,0.595,0.595
QQQ,F2,adamw,2,0.595,0.595
QQQ,F3,adam,0,0.595,0.595
QQQ,F3,adam,1,0.595,0.595
QQQ,F3,adam,2,0.595,0.595
QQQ,F3,adamw,0,0.595,0.595
QQQ,F3,adamw,1,0.595,0.595
QQQ,F3,adamw,2,0.595,0.595
QQQ,F4,adam,0,0.665,0.595
QQQ,F4,adam,1,0.675,0.595
QQQ,F4,adam,2,0.675,0.595
QQQ,F4,adamw,0,0.665,0.595
QQQ,F4,adamw,1,0.675,0.595
QQQ,F4,adamw,2,0.675,0.595
QQQ,F6,adam,0,0.595,0.595
QQQ,F6,adam,1,0.595,0.595
QQQ,F6,adam,2,0.595,0.595
QQQ,F6,adamw,0,0.595,0.595
QQQ,F6,adamw,1,0.595,0.595
QQQ,F6,adamw,2,0.595,0.595
QQQ,F7,adam,0,0.595,0.595
QQQ,F7,adam,1,0.595,0.595
QQQ,F7,adam,2,0.595,0.595
QQQ,F7,adamw,0,0.595,0.595
QQQ,F7,adamw,1,0.595,0.595
QQQ,F7,adamw,2,0.595,0.595
QQQ,F5,adam,0,0.565,0.595
QQQ,F5,adam,1,0.575,0.595
QQQ,F5,adam,2,0.57,0.595
QQQ,F5,adamw,0,0.565,0.595
QQQ,F5,adamw,1,0.575,0.595
QQQ,F5,adamw,2,0.57,0.595
QQQ,F9,adam,0,0.585,0.595
QQQ,F9,adam,1,0.585,0.595
QQQ,F9,adam,2,0.59,0.595
QQQ,F9,adamw,0,0.585,0.595
QQQ,F9,adamw,1,0.585,0.595
QQQ,F9,adamw,2,0.59,0.595
QQQ,F8,adam,0,0.595,0.595
QQQ,F8,adam,1,0.595,0.595
QQQ,F8,adam,2,0.595,0.595
QQQ,F8,adamw,0,0.595,0.595
QQQ,F8,adamw,1,0.595,0.595
QQQ,F8,adamw,2,0.595,0.595
SPY,F0,adam,0,0.61,0.61
SPY,F0,adam,1,0.61,0.61
SPY,F0,adam,2,0.61,0.61
SPY,F0,adamw,0,0.61,0.61
SPY,F0,adamw,1,0.61,0.61
SPY,F0,adamw,2,0.61,0.61
SPY,F1,adam,0,0.61,0.61
SPY,F1,adam,1,0.61,0.61
SPY,F1,adam,2,0.61,0.61
SPY,F1,adamw,0,0.61,0.61
SPY,F1,adamw,1,0.61,0.61
SPY,F1,adamw,2,0.61,0.61
SPY,F2,adam,0,0.61,0.61
SPY,F2,adam,1,0.61,0.61
SPY,F2,adam,2,0.61,0.61
SPY,F2,adamw,0,0.61,0.61
SPY,F2,adamw,1,0.61,0.61
SPY,F2,adamw,2,0.61,0.61
SPY,F3,adam,0,0.61,0.61
SPY,F3,adam,1,0.61,0.61
SPY,F3,adam,2,0.61,0.61
SPY,F3,adamw,0,0.61,0.61
SPY,F3,adamw,1,0.61,0.61
SPY,F3,adamw,2,0.61,0.61
SPY,F4,adam,0,0.69,0.61
SPY,F4,adam,1,0.69,0.61
SPY,F4,adam,2,0.655,0.61
SPY,F4,adamw,0,0.69,0.61
SPY,F4,adamw,1,0.69,0.61
SPY,F4,adamw,2,0.66,0.61
SPY,F6,adam,0,0.615,0.61
SPY,F6,adam,1,0.615,0.61
SPY,F6,adam,2,0.61,0.61
SPY,F6,adamw,0,0.615,0.61
SPY,F6,adamw,1,0.615,0.61
SPY,F6,adamw,2,0.61,0.61
SPY,F7,adam,0,0.61,0.61
SPY,F7,adam,1,0.61,0.61
SPY,F7,adam,2,0.61,0.61
SPY,F7,adamw,0,0.61,0.61
SPY,F7,adamw,1,0.61,0.61
SPY,F7,adamw,2,0.61,0.61
SPY,F5,adam,0,0.575,0.61
SPY,F5,adam,1,0.57,0.61
SPY,F5,adam,2,0.57,0.61
SPY,F5,adamw,0,0.575,0.61
SPY,F5,adamw,1,0.57,0.61
SPY,F5,adamw,2,0.57,0.61
SPY,F9,adam,0,0.595,0.61
SPY,F9,adam,1,0.605,0.61
SPY,F9,adam,2,0.615,0.61
SPY,F9,adamw,0,0.595,0.61
SPY,F9,adamw,1,0.6,0.61
SPY,F9,adamw,2,0.615,0.61
SPY,F8,adam,0,0.61,0.61
SPY,F8,adam,1,0.61,0.61
SPY,F8,adam,2,0.61,0.61
SPY,F8,adamw,0,0.61,0.61
SPY,F8,adamw,1,0.61,0.61
SPY,F8,adamw,2,0.61,0.61
SPY,F0,adam,0,0.685,0.685
SPY,F0,adam,1,0.665,0.685
SPY,F0,adam,2,0.675,0.685
SPY,F0,adamw,0,0.685,0.685
SPY,F0,adamw,1,0.665,0.685
SPY,F0,adamw,2,0.675,0.685
SPY,F1,adam,0,0.685,0.685
SPY,F1,adam,1,0.685,0.685
SPY,F1,adam,2,0.685,0.685
SPY,F1,adamw,0,0.685,0.685
SPY,F1,adamw,1,0.685,0.685
SPY,F1,adamw,2,0.685,0.685
SPY,F2,adam,0,0.685,0.685
SPY,F2,adam,1,0.685,0.685
SPY,F2,adam,2,0.685,0.685
SPY,F2,adamw,0,0.685,0.685
SPY,F2,adamw,1,0.685,0.685
SPY,F2,adamw,2,0.685,0.685
SPY,F3,adam,0,0.685,0.685
SPY,F3,adam,1,0.68,0.685
SPY,F3,adam,2,0.68,0.685
SPY,F3,adamw,0,0.685,0.685
SPY,F3,adamw,1,0.68,0.685
SPY,F3,adamw,2,0.68,0.685
SPY,F4,adam,0,0.725,0.685
SPY,F4,adam,1,0.735,0.685
SPY,F4,adam,2,0.74,0.685
SPY,F4,adamw,0,0.725,0.685
SPY,F4,adamw,1,0.735,0.685
SPY,F4,adamw,2,0.74,0.685
SPY,F6,adam,0,0.66,0.685
SPY,F6,adam,1,0.565,0.685
SPY,F6,adam,2,0.585,0.685
SPY,F6,adamw,0,0.665,0.685
SPY,F6,adamw,1,0.565,0.685
SPY,F6,adamw,2,0.585,0.685
SPY,F7,adam,0,0.685,0.685
SPY,F7,adam,1,0.69,0.685
SPY,F7,adam,2,0.685,0.685
SPY,F7,adamw,0,0.685,0.685
SPY,F7,adamw,1,0.69,0.685
SPY,F7,adamw,2,0.685,0.685
SPY,F5,adam,0,0.495,0.685
SPY,F5,adam,1,0.475,0.685
SPY,F5,adam,2,0.48,0.685
SPY,F5,adamw,0,0.495,0.685
SPY,F5,adamw,1,0.475,0.685
SPY,F5,adamw,2,0.48,0.685
SPY,F9,adam,0,0.695,0.685
SPY,F9,adam,1,0.645,0.685
SPY,F9,adam,2,0.655,0.685
SPY,F9,adamw,0,0.695,0.685
SPY,F9,adamw,1,0.645,0.685
SPY,F9,adamw,2,0.655,0.685
SPY,F8,adam,0,0.685,0.685
SPY,F8,adam,1,0.69,0.685
SPY,F8,adam,2,0.685,0.685
SPY,F8,adamw,0,0.685,0.685
SPY,F8,adamw,1,0.69,0.685
SPY,F8,adamw,2,0.685,0.685
SPY,F0,adam,0,0.6,0.6
SPY,F0,adam,1,0.6,0.6
SPY,F0,adam,2,0.6,0.6
SPY,F0,adamw,0,0.6,0.6
SPY,F0,adamw,1,0.6,0.6
SPY,F0,adamw,2,0.6,0.6
SPY,F1,adam,0,0.6,0.6
SPY,F1,adam,1,0.6,0.6
SPY,F1,adam,2,0.6,0.6
SPY,F1,adamw,0,0.6,0.6
SPY,F1,adamw,1,0.6,0.6
SPY,F1,adamw,2,0.6,0.6
SPY,F2,adam,0,0.6,0.6
SPY,F2,adam,1,0.6,0.6
SPY,F2,adam,2,0.6,0.6
SPY,F2,adamw,0,0.6,0.6
SPY,F2,adamw,1,0.6,0.6
SPY,F2,adamw,2,0.6,0.6
SPY,F3,adam,0,0.6,0.6
SPY,F3,adam,1,0.6,0.6
SPY,F3,adam,2,0.6,0.6
SPY,F3,adamw,0,0.6,0.6
SPY,F3,adamw,1,0.6,0.6
SPY,F3,adamw,2,0.6,0.6
SPY,F4,adam,0,0.635,0.6
SPY,F4,adam,1,0.615,0.6
SPY,F4,adam,2,0.63,0.6
SPY,F4,adamw,0,0.635,0.6
SPY,F4,adamw,1,0.62,0.6
SPY,F4,adamw,2,0.63,0.6
SPY,F6,adam,0,0.59,0.6
SPY,F6,adam,1,0.6,0.6
SPY,F6,adam,2,0.6,0.6
SPY,F6,adamw,0,0.585,0.6
SPY,F6,adamw,1,0.6,0.6
SPY,F6,adamw,2,0.6,0.6
SPY,F7,adam,0,0.595,0.6
SPY,F7,adam,1,0.6,0.6
SPY,F7,adam,2,0.6,0.6
SPY,F7,adamw,0,0.595,0.6
SPY,F7,adamw,1,0.6,0.6
SPY,F7,adamw,2,0.6,0.6
SPY,F5,adam,0,0.56,0.6
SPY,F5,adam,1,0.595,0.6
SPY,F5,adam,2,0.56,0.6
SPY,F5,adamw,0,0.56,0.6
SPY,F5,adamw,1,0.595,0.6
SPY,F5,adamw,2,0.56,0.6
SPY,F9,adam,0,0.6,0.6
SPY,F9,adam,1,0.595,0.6
SPY,F9,adam,2,0.595,0.6
SPY,F9,adamw,0,0.6,0.6
SPY,F9,adamw,1,0.595,0.6
SPY,F9,adamw,2,0.595,0.6
SPY,F8,adam,0,0.595,0.6
SPY,F8,adam,1,0.6,0.6
SPY,F8,adam,2,0.6,0.6
SPY,F8,adamw,0,0.595,0.6
SPY,F8,adamw,1,0.6,0.6
SPY,F8,adamw,2,0.6,0.6
SPY,F0,adam,0,0.605,0.605
SPY,F0,adam,1,0.605,0.605
SPY,F0,adam,2,0.605,0.605
SPY,F0,adamw,0,0.605,0.605
SPY,F0,adamw,1,0.605,0.605
SPY,F0,adamw,2,0.605,0.605
SPY,F1,adam,0,0.605,0.605
SPY,F1,adam,1,0.605,0.605
SPY,F1,adam,2,0.605,0.605
SPY,F1,adamw,0,0.605,0.605
SPY,F1,adamw,1,0.605,0.605
SPY,F1,adamw,2,0.605,0.605
SPY,F2,adam,0,0.605,0.605
SPY,F2,adam,1,0.605,0.605
SPY,F2,adam,2,0.605,0.605
SPY,F2,adamw,0,0.605,0.605
SPY,F2,adamw,1,0.605,0.605
SPY,F2,adamw,2,0.605,0.605
SPY,F3,adam,0,0.605,0.605
SPY,F3,adam,1,0.605,0.605
SPY,F3,adam,2,0.605,0.605
SPY,F3,adamw,0,0.605,0.605
SPY,F3,adamw,1,0.605,0.605
SPY,F3,adamw,2,0.605,0.605
SPY,F4,adam,0,0.64,0.605
SPY,F4,adam,1,0.66,0.605
SPY,F4,adam,2,0.64,0.605
SPY,F4,adamw,0,0.645,0.605
SPY,F4,adamw,1,0.66,0.605
SPY,F4,adamw,2,0.64,0.605
SPY,F6,adam,0,0.605,0.605
SPY,F6,adam,1,0.605,0.605
SPY,F6,adam,2,0.605,0.605
SPY,F6,adamw,0,0.605,0.605
SPY,F6,adamw,1,0.605,0.605
SPY,F6,adamw,2,0.605,0.605
SPY,F7,adam,0,0.605,0.605
SPY,F7,adam,1,0.605,0.605
SPY,F7,adam,2,0.605,0.605
SPY,F7,adamw,0,0.605,0.605
SPY,F7,adamw,1,0.605,0.605
SPY,F7,adamw,2,0.605,0.605
SPY,F5,adam,0,0.605,0.605
SPY,F5,adam,1,0.6,0.605
SPY,F5,adam,2,0.6,0.605
SPY,F5,adamw,0,0.605,0.605
SPY,F5,adamw,1,0.6,0.605
SPY,F5,adamw,2,0.6,0.605
SPY,F9,adam,0,0.6,0.605
SPY,F9,adam,1,0.6,0.605
SPY,F9,adam,2,0.605,0.605
SPY,F9,adamw,0,0.6,0.605
SPY,F9,adamw,1,0.6,0.605
SPY,F9,adamw,2,0.605,0.605
SPY,F8,adam,0,0.605,0.605
SPY,F8,adam,1,0.605,0.605
SPY,F8,adam,2,0.605,0.605
SPY,F8,adamw,0,0.605,0.605
SPY,F8,adamw,1,0.605,0.605
SPY,F8,adamw,2,0.605,0.605
